Ticker,Date,High,Low
aapl,2018-06-30 00:00:00-04:00,44.82,44.17
aapl,2018-07-31 00:00:00-04:00,45.76,45.16
aapl,2018-08-31 00:00:00-04:00,51.39,50.61
aapl,2018-09-30 00:00:00-04:00,53.83,52.77
aapl,2018-10-31 00:00:00-04:00,53.69,52.24
aapl,2018-11-30 00:00:00-05:00,46.62,45.36
aapl,2018-12-31 00:00:00-05:00,40.26,38.95
aapl,2019-01-31 00:00:00-05:00,37.42,36.56
aapl,2019-02-28 00:00:00-05:00,41.73,41.16
aapl,2019-03-31 00:00:00-04:00,44.68,43.83
aapl,2019-04-30 00:00:00-04:00,48.71,47.99
aapl,2019-05-31 00:00:00-04:00,46.84,45.83
aapl,2019-06-30 00:00:00-04:00,47.25,46.38
aapl,2019-07-31 00:00:00-04:00,50.14,49.46
aapl,2019-08-31 00:00:00-04:00,50.5,49.34
aapl,2019-09-30 00:00:00-04:00,53.44,52.58
aapl,2019-10-31 00:00:00-04:00,57.7,56.72
aapl,2019-11-30 00:00:00-05:00,64.3,63.52
aapl,2019-12-31 00:00:00-05:00,67.86,66.88
aapl,2020-01-31 00:00:00-05:00,76.76,75.42
aapl,2020-02-29 00:00:00-05:00,77.13,75.04
aapl,2020-03-31 00:00:00-04:00,66.02,62.38
aapl,2020-04-30 00:00:00-04:00,67.51,65.62
aapl,2020-05-31 00:00:00-04:00,76.84,75.15
aapl,2020-06-30 00:00:00-04:00,85.75,83.61
aapl,2020-07-31 00:00:00-04:00,94.83,92.55
aapl,2020-08-31 00:00:00-04:00,116.58,113.62
aapl,2020-09-30 00:00:00-04:00,116.1,110.74
aapl,2020-10-31 00:00:00-04:00,116.33,113.02
aapl,2020-11-30 00:00:00-05:00,116.42,113.67
aapl,2020-12-31 00:00:00-05:00,126.71,123.88
aapl,2021-01-31 00:00:00-05:00,133.08,129.05
aapl,2021-02-28 00:00:00-05:00,131.26,128.17
aapl,2021-03-31 00:00:00-04:00,121.83,118.81
aapl,2021-04-30 00:00:00-04:00,131.15,128.74
aapl,2021-05-31 00:00:00-04:00,126.63,124.32
aapl,2021-06-30 00:00:00-04:00,129.14,127.27
aapl,2021-07-31 00:00:00-04:00,144.56,141.88
aapl,2021-08-31 00:00:00-04:00,147.68,145.34
aapl,2021-09-30 00:00:00-04:00,148.48,145.73
aapl,2021-10-31 00:00:00-04:00,144.94,142.5
aapl,2021-11-30 00:00:00-05:00,154.12,151.22
aapl,2021-12-31 00:00:00-05:00,174.11,169.77
aapl,2022-01-31 00:00:00-05:00,170.96,166.19
aapl,2022-02-28 00:00:00-05:00,170.28,166.31
aapl,2022-03-31 00:00:00-04:00,165.93,161.73
aapl,2022-04-30 00:00:00-04:00,168.27,163.86
aapl,2022-05-31 00:00:00-04:00,150.01,144.46
aapl,2022-06-30 00:00:00-04:00,141.08,137.29
aapl,2022-07-31 00:00:00-04:00,149.87,146.27
aapl,2022-08-31 00:00:00-04:00,167.78,164.74
aapl,2022-09-30 00:00:00-04:00,154.6,150.21
aapl,2022-10-31 00:00:00-04:00,146.13,141.83
aapl,2022-11-30 00:00:00-05:00,147.57,143.06
aapl,2022-12-31 00:00:00-05:00,139.76,135.88
aapl,2023-01-31 00:00:00-05:00,136.87,133.35
aapl,2023-02-28 00:00:00-05:00,152.0,148.72
aapl,2023-03-31 00:00:00-04:00,156.15,153.03
aapl,2023-04-30 00:00:00-04:00,165.7,163.33
aapl,2023-05-31 00:00:00-04:00,173.66,171.35
aapl,2023-06-30 00:00:00-04:00,182.14,178.94
abnb,2020-12-31 00:00:00-05:00,155.12,142.49
abnb,2021-01-31 00:00:00-05:00,176.64,160.63
abnb,2021-02-28 00:00:00-05:00,203.92,191.57
abnb,2021-03-31 00:00:00-04:00,194.55,183.57
abnb,2021-04-30 00:00:00-04:00,181.57,174.85
abnb,2021-05-31 00:00:00-04:00,147.35,140.5
abnb,2021-06-30 00:00:00-04:00,151.47,146.21
abnb,2021-07-31 00:00:00-04:00,144.83,140.29
abnb,2021-08-31 00:00:00-04:00,151.82,146.78
abnb,2021-09-30 00:00:00-04:00,168.19,163.02
abnb,2021-10-31 00:00:00-04:00,172.08,167.68
abnb,2021-11-30 00:00:00-05:00,192.88,184.03
abnb,2021-12-31 00:00:00-05:00,173.42,165.26
abnb,2022-01-31 00:00:00-05:00,161.81,153.09
abnb,2022-02-28 00:00:00-05:00,168.6,159.42
abnb,2022-03-31 00:00:00-04:00,160.28,152.46
abnb,2022-04-30 00:00:00-04:00,167.99,160.55
abnb,2022-05-31 00:00:00-04:00,127.44,118.83
abnb,2022-06-30 00:00:00-04:00,109.41,103.68
abnb,2022-07-31 00:00:00-04:00,101.56,96.68
abnb,2022-08-31 00:00:00-04:00,119.01,114.68
abnb,2022-09-30 00:00:00-04:00,116.91,111.98
abnb,2022-10-31 00:00:00-04:00,115.26,109.98
abnb,2022-11-30 00:00:00-05:00,101.78,97.37
abnb,2022-12-31 00:00:00-05:00,92.66,89.12
abnb,2023-01-31 00:00:00-05:00,100.41,96.51
abnb,2023-02-28 00:00:00-05:00,125.0,119.55
abnb,2023-03-31 00:00:00-04:00,122.48,118.59
abnb,2023-04-30 00:00:00-04:00,117.12,113.73
abnb,2023-05-31 00:00:00-04:00,114.09,110.12
abnb,2023-06-30 00:00:00-04:00,119.74,115.42
adbe,2018-06-30 00:00:00-04:00,249.83,244.55
adbe,2018-07-31 00:00:00-04:00,255.27,249.86
adbe,2018-08-31 00:00:00-04:00,257.26,252.85
adbe,2018-09-30 00:00:00-04:00,269.31,263.19
adbe,2018-10-31 00:00:00-04:00,257.91,247.73
adbe,2018-11-30 00:00:00-05:00,242.28,233.78
adbe,2018-12-31 00:00:00-05:00,237.35,227.64
adbe,2019-01-31 00:00:00-05:00,240.22,234.44
adbe,2019-02-28 00:00:00-05:00,259.87,255.16
adbe,2019-03-31 00:00:00-04:00,263.32,257.72
adbe,2019-04-30 00:00:00-04:00,275.41,271.02
adbe,2019-05-31 00:00:00-04:00,280.01,274.26
adbe,2019-06-30 00:00:00-04:00,285.95,279.55
adbe,2019-07-31 00:00:00-04:00,308.3,303.54
adbe,2019-08-31 00:00:00-04:00,291.98,284.94
adbe,2019-09-30 00:00:00-04:00,283.14,276.37
adbe,2019-10-31 00:00:00-04:00,274.61,269.39
adbe,2019-11-30 00:00:00-05:00,296.96,292.75
adbe,2019-12-31 00:00:00-05:00,319.31,314.7
adbe,2020-01-31 00:00:00-05:00,346.97,341.67
adbe,2020-02-29 00:00:00-05:00,370.13,360.93
adbe,2020-03-31 00:00:00-04:00,328.55,305.51
adbe,2020-04-30 00:00:00-04:00,334.91,322.84
adbe,2020-05-31 00:00:00-04:00,372.74,363.13
adbe,2020-06-30 00:00:00-04:00,415.82,404.98
adbe,2020-07-31 00:00:00-04:00,447.96,435.68
adbe,2020-08-31 00:00:00-04:00,473.11,460.37
adbe,2020-09-30 00:00:00-04:00,494.95,475.81
adbe,2020-10-31 00:00:00-04:00,495.29,483.21
adbe,2020-11-30 00:00:00-05:00,475.45,462.36
adbe,2020-12-31 00:00:00-05:00,495.97,486.05
adbe,2021-01-31 00:00:00-05:00,476.76,465.32
adbe,2021-02-28 00:00:00-05:00,488.06,477.06
adbe,2021-03-31 00:00:00-04:00,458.02,445.95
adbe,2021-04-30 00:00:00-04:00,511.96,503.42
adbe,2021-05-31 00:00:00-04:00,495.02,484.84
adbe,2021-06-30 00:00:00-04:00,549.5,538.96
adbe,2021-07-31 00:00:00-04:00,612.81,603.52
adbe,2021-08-31 00:00:00-04:00,643.49,633.31
adbe,2021-09-30 00:00:00-04:00,646.3,634.49
adbe,2021-10-31 00:00:00-04:00,613.88,602.03
adbe,2021-11-30 00:00:00-05:00,672.35,655.96
adbe,2021-12-31 00:00:00-05:00,613.99,593.54
adbe,2022-01-31 00:00:00-05:00,530.13,509.15
adbe,2022-02-28 00:00:00-05:00,493.23,476.49
adbe,2022-03-31 00:00:00-04:00,452.97,437.11
adbe,2022-04-30 00:00:00-04:00,437.97,423.55
adbe,2022-05-31 00:00:00-04:00,409.31,392.89
adbe,2022-06-30 00:00:00-04:00,399.52,384.49
adbe,2022-07-31 00:00:00-04:00,391.9,379.83
adbe,2022-08-31 00:00:00-04:00,424.12,413.94
adbe,2022-09-30 00:00:00-04:00,331.67,321.38
adbe,2022-10-31 00:00:00-04:00,305.53,295.85
adbe,2022-11-30 00:00:00-05:00,328.23,317.06
adbe,2022-12-31 00:00:00-05:00,340.94,331.15
adbe,2023-01-31 00:00:00-05:00,353.34,343.99
adbe,2023-02-28 00:00:00-05:00,368.47,359.07
adbe,2023-03-31 00:00:00-04:00,358.1,349.14
adbe,2023-04-30 00:00:00-04:00,379.55,372.49
adbe,2023-05-31 00:00:00-04:00,369.3,358.53
adbe,2023-06-30 00:00:00-04:00,451.13,436.12
adi,2018-06-30 00:00:00-04:00,90.91,89.34
adi,2018-07-31 00:00:00-04:00,89.15,87.52
adi,2018-08-31 00:00:00-04:00,88.77,87.22
adi,2018-09-30 00:00:00-04:00,86.39,84.78
adi,2018-10-31 00:00:00-04:00,78.44,76.4
adi,2018-11-30 00:00:00-05:00,81.65,79.23
adi,2018-12-31 00:00:00-05:00,81.09,78.59
adi,2019-01-31 00:00:00-05:00,83.35,81.05
adi,2019-02-28 00:00:00-05:00,96.13,94.43
adi,2019-03-31 00:00:00-04:00,100.06,98.24
adi,2019-04-30 00:00:00-04:00,104.77,102.98
adi,2019-05-31 00:00:00-04:00,98.71,96.16
adi,2019-06-30 00:00:00-04:00,100.18,97.74
adi,2019-07-31 00:00:00-04:00,109.24,107.08
adi,2019-08-31 00:00:00-04:00,103.17,100.57
adi,2019-09-30 00:00:00-04:00,106.76,104.68
adi,2019-10-31 00:00:00-04:00,103.35,100.96
adi,2019-11-30 00:00:00-05:00,105.53,103.35
adi,2019-12-31 00:00:00-05:00,110.27,108.6
adi,2020-01-31 00:00:00-05:00,111.3,109.33
adi,2020-02-29 00:00:00-05:00,110.42,107.31
adi,2020-03-31 00:00:00-04:00,93.28,86.46
adi,2020-04-30 00:00:00-04:00,96.08,92.31
adi,2020-05-31 00:00:00-04:00,103.67,100.35
adi,2020-06-30 00:00:00-04:00,115.55,112.42
adi,2020-07-31 00:00:00-04:00,112.96,110.29
adi,2020-08-31 00:00:00-04:00,112.45,110.58
adi,2020-09-30 00:00:00-04:00,111.27,108.66
adi,2020-10-31 00:00:00-04:00,116.63,114.03
adi,2020-11-30 00:00:00-05:00,128.64,125.6
adi,2020-12-31 00:00:00-05:00,138.14,135.73
adi,2021-01-31 00:00:00-05:00,149.91,146.23
adi,2021-02-28 00:00:00-05:00,150.79,146.5
adi,2021-03-31 00:00:00-04:00,147.51,143.32
adi,2021-04-30 00:00:00-04:00,154.0,150.97
adi,2021-05-31 00:00:00-04:00,150.5,146.94
adi,2021-06-30 00:00:00-04:00,161.38,158.89
adi,2021-07-31 00:00:00-04:00,160.42,157.25
adi,2021-08-31 00:00:00-04:00,164.39,160.46
adi,2021-09-30 00:00:00-04:00,166.07,163.11
adi,2021-10-31 00:00:00-04:00,167.47,164.28
adi,2021-11-30 00:00:00-05:00,178.82,175.12
adi,2021-12-31 00:00:00-05:00,174.64,170.67
adi,2022-01-31 00:00:00-05:00,164.84,159.16
adi,2022-02-28 00:00:00-05:00,159.72,154.29
adi,2022-03-31 00:00:00-04:00,157.18,152.31
adi,2022-04-30 00:00:00-04:00,157.75,152.85
adi,2022-05-31 00:00:00-04:00,158.41,153.26
adi,2022-06-30 00:00:00-04:00,153.61,149.34
adi,2022-07-31 00:00:00-04:00,154.73,150.55
adi,2022-08-31 00:00:00-04:00,168.11,164.15
adi,2022-09-30 00:00:00-04:00,147.46,143.73
adi,2022-10-31 00:00:00-04:00,144.0,139.17
adi,2022-11-30 00:00:00-05:00,157.89,153.36
adi,2022-12-31 00:00:00-05:00,166.98,163.43
adi,2023-01-31 00:00:00-05:00,167.42,163.58
adi,2023-02-28 00:00:00-05:00,183.38,179.45
adi,2023-03-31 00:00:00-04:00,187.59,183.35
adi,2023-04-30 00:00:00-04:00,188.48,184.55
adi,2023-05-31 00:00:00-04:00,183.23,178.96
adi,2023-06-30 00:00:00-04:00,183.74,179.49
aph,2018-06-30 00:00:00-04:00,42.63,42.02
aph,2018-07-31 00:00:00-04:00,42.95,42.32
aph,2018-08-31 00:00:00-04:00,45.03,44.64
aph,2018-09-30 00:00:00-04:00,45.73,45.25
aph,2018-10-31 00:00:00-04:00,42.26,41.27
aph,2018-11-30 00:00:00-05:00,42.42,41.63
aph,2018-12-31 00:00:00-05:00,39.94,38.82
aph,2019-01-31 00:00:00-05:00,39.6,38.87
aph,2019-02-28 00:00:00-05:00,44.17,43.67
aph,2019-03-31 00:00:00-04:00,45.61,45.05
aph,2019-04-30 00:00:00-04:00,49.23,48.4
aph,2019-05-31 00:00:00-04:00,44.98,44.27
aph,2019-06-30 00:00:00-04:00,45.44,44.79
aph,2019-07-31 00:00:00-04:00,46.91,46.21
aph,2019-08-31 00:00:00-04:00,42.4,41.5
aph,2019-09-30 00:00:00-04:00,44.98,44.18
aph,2019-10-31 00:00:00-04:00,47.63,46.88
aph,2019-11-30 00:00:00-05:00,49.79,49.18
aph,2019-12-31 00:00:00-05:00,51.53,50.94
aph,2020-01-31 00:00:00-05:00,52.09,51.29
aph,2020-02-29 00:00:00-05:00,49.35,48.39
aph,2020-03-31 00:00:00-04:00,39.85,37.22
aph,2020-04-30 00:00:00-04:00,39.85,38.45
aph,2020-05-31 00:00:00-04:00,43.41,42.34
aph,2020-06-30 00:00:00-04:00,48.48,47.1
aph,2020-07-31 00:00:00-04:00,49.29,48.31
aph,2020-08-31 00:00:00-04:00,53.31,52.52
aph,2020-09-30 00:00:00-04:00,52.93,51.64
aph,2020-10-31 00:00:00-04:00,56.13,54.83
aph,2020-11-30 00:00:00-05:00,61.27,59.93
aph,2020-12-31 00:00:00-05:00,64.45,63.51
aph,2021-01-31 00:00:00-05:00,65.19,63.84
aph,2021-02-28 00:00:00-05:00,64.29,62.98
aph,2021-03-31 00:00:00-04:00,63.42,61.89
aph,2021-04-30 00:00:00-04:00,67.12,66.01
aph,2021-05-31 00:00:00-04:00,65.71,64.59
aph,2021-06-30 00:00:00-04:00,67.06,66.21
aph,2021-07-31 00:00:00-04:00,69.08,68.02
aph,2021-08-31 00:00:00-04:00,73.41,72.67
aph,2021-09-30 00:00:00-04:00,75.11,74.0
aph,2021-10-31 00:00:00-04:00,75.7,74.51
aph,2021-11-30 00:00:00-05:00,81.61,80.27
aph,2021-12-31 00:00:00-05:00,83.34,81.86
aph,2022-01-31 00:00:00-05:00,80.67,78.53
aph,2022-02-28 00:00:00-05:00,76.88,75.06
aph,2022-03-31 00:00:00-04:00,75.0,73.28
aph,2022-04-30 00:00:00-04:00,72.3,70.58
aph,2022-05-31 00:00:00-04:00,69.9,68.18
aph,2022-06-30 00:00:00-04:00,66.87,65.26
aph,2022-07-31 00:00:00-04:00,67.72,66.22
aph,2022-08-31 00:00:00-04:00,77.5,76.34
aph,2022-09-30 00:00:00-04:00,72.23,70.72
aph,2022-10-31 00:00:00-04:00,71.41,69.45
aph,2022-11-30 00:00:00-05:00,78.31,76.67
aph,2022-12-31 00:00:00-05:00,78.48,76.99
aph,2023-01-31 00:00:00-05:00,79.34,77.64
aph,2023-02-28 00:00:00-05:00,80.36,78.97
aph,2023-03-31 00:00:00-04:00,78.78,77.35
aph,2023-04-30 00:00:00-04:00,78.13,76.83
aph,2023-05-31 00:00:00-04:00,75.96,74.72
aph,2023-06-30 00:00:00-04:00,78.55,77.26
crm,2018-06-30 00:00:00-04:00,138.43,135.45
crm,2018-07-31 00:00:00-04:00,145.63,142.27
crm,2018-08-31 00:00:00-04:00,147.79,145.03
crm,2018-09-30 00:00:00-04:00,156.48,153.15
crm,2018-10-31 00:00:00-04:00,147.62,142.14
crm,2018-11-30 00:00:00-05:00,135.37,129.92
crm,2018-12-31 00:00:00-05:00,137.81,131.84
crm,2019-01-31 00:00:00-05:00,147.42,143.9
crm,2019-02-28 00:00:00-05:00,160.92,157.65
crm,2019-03-31 00:00:00-04:00,161.59,157.5
crm,2019-04-30 00:00:00-04:00,161.63,158.62
crm,2019-05-31 00:00:00-04:00,158.58,154.7
crm,2019-06-30 00:00:00-04:00,154.61,150.86
crm,2019-07-31 00:00:00-04:00,158.21,155.27
crm,2019-08-31 00:00:00-04:00,148.83,145.03
crm,2019-09-30 00:00:00-04:00,154.05,150.89
crm,2019-10-31 00:00:00-04:00,149.95,146.84
crm,2019-11-30 00:00:00-05:00,162.95,160.28
crm,2019-12-31 00:00:00-05:00,162.0,159.39
crm,2020-01-31 00:00:00-05:00,181.25,177.58
crm,2020-02-29 00:00:00-05:00,188.37,183.24
crm,2020-03-31 00:00:00-04:00,155.56,145.02
crm,2020-04-30 00:00:00-04:00,154.75,149.15
crm,2020-05-31 00:00:00-04:00,174.54,169.22
crm,2020-06-30 00:00:00-04:00,182.64,177.6
crm,2020-07-31 00:00:00-04:00,194.7,189.37
crm,2020-08-31 00:00:00-04:00,218.03,210.77
crm,2020-09-30 00:00:00-04:00,254.77,245.1
crm,2020-10-31 00:00:00-04:00,257.0,250.36
crm,2020-11-30 00:00:00-05:00,257.33,248.46
crm,2020-12-31 00:00:00-05:00,227.64,222.91
crm,2021-01-31 00:00:00-05:00,223.38,218.59
crm,2021-02-28 00:00:00-05:00,240.91,235.26
crm,2021-03-31 00:00:00-04:00,214.12,209.2
crm,2021-04-30 00:00:00-04:00,231.03,226.74
crm,2021-05-31 00:00:00-04:00,223.11,218.23
crm,2021-06-30 00:00:00-04:00,242.98,238.45
crm,2021-07-31 00:00:00-04:00,246.53,241.98
crm,2021-08-31 00:00:00-04:00,255.56,250.27
crm,2021-09-30 00:00:00-04:00,267.49,262.29
crm,2021-10-31 00:00:00-04:00,287.8,282.6
crm,2021-11-30 00:00:00-05:00,304.36,297.64
crm,2021-12-31 00:00:00-05:00,261.26,254.09
crm,2022-01-31 00:00:00-05:00,233.11,223.84
crm,2022-02-28 00:00:00-05:00,215.16,206.98
crm,2022-03-31 00:00:00-04:00,211.23,203.68
crm,2022-04-30 00:00:00-04:00,194.77,187.88
crm,2022-05-31 00:00:00-04:00,168.7,161.47
crm,2022-06-30 00:00:00-04:00,179.39,171.81
crm,2022-07-31 00:00:00-04:00,176.3,170.44
crm,2022-08-31 00:00:00-04:00,183.72,178.55
crm,2022-09-30 00:00:00-04:00,154.99,150.69
crm,2022-10-31 00:00:00-04:00,156.06,150.87
crm,2022-11-30 00:00:00-05:00,154.55,148.8
crm,2022-12-31 00:00:00-05:00,134.53,130.45
crm,2023-01-31 00:00:00-05:00,152.2,147.4
crm,2023-02-28 00:00:00-05:00,169.85,165.92
crm,2023-03-31 00:00:00-04:00,188.01,183.34
crm,2023-04-30 00:00:00-04:00,196.51,193.06
crm,2023-05-31 00:00:00-04:00,207.28,202.92
crm,2023-06-30 00:00:00-04:00,215.5,208.03
csco,2018-06-30 00:00:00-04:00,37.59,36.95
csco,2018-07-31 00:00:00-04:00,37.17,36.52
csco,2018-08-31 00:00:00-04:00,39.2,38.59
csco,2018-09-30 00:00:00-04:00,41.53,40.99
csco,2018-10-31 00:00:00-04:00,40.76,39.73
csco,2018-11-30 00:00:00-05:00,40.7,39.75
csco,2018-12-31 00:00:00-05:00,39.9,38.64
csco,2019-01-31 00:00:00-05:00,39.24,38.53
csco,2019-02-28 00:00:00-05:00,43.17,42.53
csco,2019-03-31 00:00:00-04:00,46.54,45.83
csco,2019-04-30 00:00:00-04:00,49.68,49.11
csco,2019-05-31 00:00:00-04:00,48.32,47.41
csco,2019-06-30 00:00:00-04:00,49.73,48.83
csco,2019-07-31 00:00:00-04:00,50.95,50.24
csco,2019-08-31 00:00:00-04:00,44.88,43.79
csco,2019-09-30 00:00:00-04:00,44.01,43.27
csco,2019-10-31 00:00:00-04:00,42.49,41.77
csco,2019-11-30 00:00:00-05:00,41.99,41.36
csco,2019-12-31 00:00:00-05:00,41.5,40.92
csco,2020-01-31 00:00:00-05:00,43.62,42.96
csco,2020-02-29 00:00:00-05:00,42.21,41.23
csco,2020-03-31 00:00:00-04:00,35.41,33.01
csco,2020-04-30 00:00:00-04:00,38.42,37.25
csco,2020-05-31 00:00:00-04:00,40.34,39.32
csco,2020-06-30 00:00:00-04:00,42.65,41.58
csco,2020-07-31 00:00:00-04:00,43.04,42.23
csco,2020-08-31 00:00:00-04:00,40.95,40.31
csco,2020-09-30 00:00:00-04:00,37.05,36.36
csco,2020-10-31 00:00:00-04:00,36.24,35.57
csco,2020-11-30 00:00:00-05:00,37.51,36.74
csco,2020-12-31 00:00:00-05:00,41.52,40.94
csco,2021-01-31 00:00:00-05:00,42.46,41.69
csco,2021-02-28 00:00:00-05:00,43.82,43.03
csco,2021-03-31 00:00:00-04:00,46.1,45.21
csco,2021-04-30 00:00:00-04:00,49.06,48.43
csco,2021-05-31 00:00:00-04:00,49.84,48.97
csco,2021-06-30 00:00:00-04:00,50.63,49.99
csco,2021-07-31 00:00:00-04:00,51.48,50.81
csco,2021-08-31 00:00:00-04:00,54.38,53.6
csco,2021-09-30 00:00:00-04:00,54.85,53.98
csco,2021-10-31 00:00:00-04:00,53.1,52.31
csco,2021-11-30 00:00:00-05:00,54.13,53.05
csco,2021-12-31 00:00:00-05:00,57.54,56.49
csco,2022-01-31 00:00:00-05:00,57.45,56.16
csco,2022-02-28 00:00:00-05:00,53.6,52.35
csco,2022-03-31 00:00:00-04:00,53.88,52.71
csco,2022-04-30 00:00:00-04:00,51.43,50.22
csco,2022-05-31 00:00:00-04:00,46.39,45.12
csco,2022-06-30 00:00:00-04:00,43.03,42.18
csco,2022-07-31 00:00:00-04:00,42.78,41.92
csco,2022-08-31 00:00:00-04:00,45.57,44.82
csco,2022-09-30 00:00:00-04:00,42.53,41.61
csco,2022-10-31 00:00:00-04:00,41.86,40.91
csco,2022-11-30 00:00:00-05:00,45.92,44.97
csco,2022-12-31 00:00:00-05:00,47.96,47.16
csco,2023-01-31 00:00:00-05:00,48.03,47.19
csco,2023-02-28 00:00:00-05:00,48.67,47.7
csco,2023-03-31 00:00:00-04:00,49.76,48.95
csco,2023-04-30 00:00:00-04:00,49.72,48.98
csco,2023-05-31 00:00:00-04:00,47.93,47.15
csco,2023-06-30 00:00:00-04:00,50.27,49.65
goog,2018-06-30 00:00:00-04:00,57.67,56.64
goog,2018-07-31 00:00:00-04:00,59.83,58.7
goog,2018-08-31 00:00:00-04:00,61.75,60.86
goog,2018-09-30 00:00:00-04:00,59.29,58.24
goog,2018-10-31 00:00:00-04:00,56.61,54.78
goog,2018-11-30 00:00:00-05:00,53.4,52.08
goog,2018-12-31 00:00:00-05:00,52.97,51.18
goog,2019-01-31 00:00:00-05:00,54.04,52.92
goog,2019-02-28 00:00:00-05:00,56.14,55.2
goog,2019-03-31 00:00:00-04:00,59.38,58.38
goog,2019-04-30 00:00:00-04:00,61.51,60.83
goog,2019-05-31 00:00:00-04:00,58.06,57.02
goog,2019-06-30 00:00:00-04:00,54.55,53.64
goog,2019-07-31 00:00:00-04:00,57.94,57.11
goog,2019-08-31 00:00:00-04:00,59.62,58.54
goog,2019-09-30 00:00:00-04:00,61.44,60.48
goog,2019-10-31 00:00:00-04:00,62.11,61.2
goog,2019-11-30 00:00:00-05:00,65.57,64.82
goog,2019-12-31 00:00:00-05:00,67.41,66.7
goog,2020-01-31 00:00:00-05:00,72.25,71.19
goog,2020-02-29 00:00:00-05:00,73.97,72.41
goog,2020-03-31 00:00:00-04:00,60.82,57.57
goog,2020-04-30 00:00:00-04:00,62.6,60.78
goog,2020-05-31 00:00:00-04:00,69.77,68.2
goog,2020-06-30 00:00:00-04:00,72.33,70.64
goog,2020-07-31 00:00:00-04:00,76.5,74.58
goog,2020-08-31 00:00:00-04:00,77.96,76.47
goog,2020-09-30 00:00:00-04:00,77.28,74.91
goog,2020-10-31 00:00:00-04:00,78.4,76.41
goog,2020-11-30 00:00:00-05:00,88.38,86.58
goog,2020-12-31 00:00:00-05:00,89.42,87.77
goog,2021-01-31 00:00:00-05:00,91.53,89.12
goog,2021-02-28 00:00:00-05:00,104.51,102.12
goog,2021-03-31 00:00:00-04:00,104.25,101.92
goog,2021-04-30 00:00:00-04:00,115.33,113.44
goog,2021-05-31 00:00:00-04:00,118.6,116.66
goog,2021-06-30 00:00:00-04:00,125.62,124.18
goog,2021-07-31 00:00:00-04:00,133.18,131.23
goog,2021-08-31 00:00:00-04:00,139.87,138.14
goog,2021-09-30 00:00:00-04:00,143.22,140.99
goog,2021-10-31 00:00:00-04:00,141.54,138.77
goog,2021-11-30 00:00:00-05:00,148.99,146.38
goog,2021-12-31 00:00:00-05:00,146.92,144.15
goog,2022-01-31 00:00:00-05:00,138.19,134.36
goog,2022-02-28 00:00:00-05:00,139.0,134.75
goog,2022-03-31 00:00:00-04:00,136.93,133.64
goog,2022-04-30 00:00:00-04:00,130.97,127.25
goog,2022-05-31 00:00:00-04:00,115.2,111.46
goog,2022-06-30 00:00:00-04:00,114.66,111.38
goog,2022-07-31 00:00:00-04:00,114.85,111.02
goog,2022-08-31 00:00:00-04:00,118.51,116.11
goog,2022-09-30 00:00:00-04:00,105.58,102.91
goog,2022-10-31 00:00:00-04:00,100.93,98.0
goog,2022-11-30 00:00:00-05:00,95.6,92.68
goog,2022-12-31 00:00:00-05:00,94.16,91.8
goog,2023-01-31 00:00:00-05:00,94.93,92.44
goog,2023-02-28 00:00:00-05:00,98.16,95.33
goog,2023-03-31 00:00:00-04:00,99.67,97.09
goog,2023-04-30 00:00:00-04:00,107.37,104.92
goog,2023-05-31 00:00:00-04:00,118.07,115.32
goog,2023-06-30 00:00:00-04:00,126.31,123.47
ibm,2018-06-30 00:00:00-04:00,106.83,105.46
ibm,2018-07-31 00:00:00-04:00,109.07,107.7
ibm,2018-08-31 00:00:00-04:00,110.32,109.21
ibm,2018-09-30 00:00:00-04:00,113.05,111.79
ibm,2018-10-31 00:00:00-04:00,105.17,102.74
ibm,2018-11-30 00:00:00-05:00,92.96,91.09
ibm,2018-12-31 00:00:00-05:00,91.39,88.73
ibm,2019-01-31 00:00:00-05:00,96.0,94.44
ibm,2019-02-28 00:00:00-05:00,106.29,105.21
ibm,2019-03-31 00:00:00-04:00,108.34,106.98
ibm,2019-04-30 00:00:00-04:00,110.47,109.23
ibm,2019-05-31 00:00:00-04:00,106.2,104.49
ibm,2019-06-30 00:00:00-04:00,107.1,105.77
ibm,2019-07-31 00:00:00-04:00,114.65,113.07
ibm,2019-08-31 00:00:00-04:00,109.05,106.64
ibm,2019-09-30 00:00:00-04:00,113.43,111.75
ibm,2019-10-31 00:00:00-04:00,110.41,108.78
ibm,2019-11-30 00:00:00-05:00,109.04,107.89
ibm,2019-12-31 00:00:00-05:00,108.27,107.16
ibm,2020-01-31 00:00:00-05:00,111.41,109.86
ibm,2020-02-29 00:00:00-05:00,121.78,119.07
ibm,2020-03-31 00:00:00-04:00,94.01,88.47
ibm,2020-04-30 00:00:00-04:00,97.98,94.89
ibm,2020-05-31 00:00:00-04:00,100.52,98.35
ibm,2020-06-30 00:00:00-04:00,103.38,100.86
ibm,2020-07-31 00:00:00-04:00,101.91,99.82
ibm,2020-08-31 00:00:00-04:00,104.61,103.11
ibm,2020-09-30 00:00:00-04:00,102.91,100.62
ibm,2020-10-31 00:00:00-04:00,101.28,98.96
ibm,2020-11-30 00:00:00-05:00,100.02,98.14
ibm,2020-12-31 00:00:00-05:00,106.38,104.7
ibm,2021-01-31 00:00:00-05:00,107.56,105.31
ibm,2021-02-28 00:00:00-05:00,103.86,102.23
ibm,2021-03-31 00:00:00-04:00,110.67,108.59
ibm,2021-04-30 00:00:00-04:00,118.69,116.61
ibm,2021-05-31 00:00:00-04:00,125.71,124.01
ibm,2021-06-30 00:00:00-04:00,128.24,126.48
ibm,2021-07-31 00:00:00-04:00,123.16,121.18
ibm,2021-08-31 00:00:00-04:00,124.05,122.61
ibm,2021-09-30 00:00:00-04:00,121.32,119.61
ibm,2021-10-31 00:00:00-04:00,121.53,119.34
ibm,2021-11-30 00:00:00-05:00,111.31,109.4
ibm,2021-12-31 00:00:00-05:00,117.64,115.69
ibm,2022-01-31 00:00:00-05:00,125.68,122.47
ibm,2022-02-28 00:00:00-05:00,123.29,120.89
ibm,2022-03-31 00:00:00-04:00,120.66,118.48
ibm,2022-04-30 00:00:00-04:00,124.99,122.27
ibm,2022-05-31 00:00:00-04:00,128.53,125.29
ibm,2022-06-30 00:00:00-04:00,133.63,131.0
ibm,2022-07-31 00:00:00-04:00,129.12,126.73
ibm,2022-08-31 00:00:00-04:00,128.8,126.99
ibm,2022-09-30 00:00:00-04:00,122.46,120.12
ibm,2022-10-31 00:00:00-04:00,122.5,119.74
ibm,2022-11-30 00:00:00-05:00,140.21,137.78
ibm,2022-12-31 00:00:00-05:00,142.18,139.73
ibm,2023-01-31 00:00:00-05:00,138.83,136.54
ibm,2023-02-28 00:00:00-05:00,132.63,130.77
ibm,2023-03-31 00:00:00-04:00,126.36,124.29
ibm,2023-04-30 00:00:00-04:00,127.54,125.67
ibm,2023-05-31 00:00:00-04:00,125.43,123.66
ibm,2023-06-30 00:00:00-04:00,134.57,132.7
infy,2018-06-30 00:00:00-04:00,8.28,8.17
infy,2018-07-31 00:00:00-04:00,8.85,8.71
infy,2018-08-31 00:00:00-04:00,9.18,9.07
infy,2018-09-30 00:00:00-04:00,9.16,9.01
infy,2018-10-31 00:00:00-04:00,8.69,8.5
infy,2018-11-30 00:00:00-05:00,8.47,8.32
infy,2018-12-31 00:00:00-05:00,8.67,8.5
infy,2019-01-31 00:00:00-05:00,9.27,9.11
infy,2019-02-28 00:00:00-05:00,9.73,9.62
infy,2019-03-31 00:00:00-04:00,9.73,9.61
infy,2019-04-30 00:00:00-04:00,9.8,9.67
infy,2019-05-31 00:00:00-04:00,9.39,9.22
infy,2019-06-30 00:00:00-04:00,9.73,9.61
infy,2019-07-31 00:00:00-04:00,10.26,10.14
infy,2019-08-31 00:00:00-04:00,10.25,10.09
infy,2019-09-30 00:00:00-04:00,10.57,10.41
infy,2019-10-31 00:00:00-04:00,9.52,9.31
infy,2019-11-30 00:00:00-05:00,9.13,8.98
infy,2019-12-31 00:00:00-05:00,9.37,9.27
infy,2020-01-31 00:00:00-05:00,10.0,9.84
infy,2020-02-29 00:00:00-05:00,10.27,10.12
infy,2020-03-31 00:00:00-04:00,8.14,7.7
infy,2020-04-30 00:00:00-04:00,7.97,7.7
infy,2020-05-31 00:00:00-04:00,8.4,8.2
infy,2020-06-30 00:00:00-04:00,8.81,8.61
infy,2020-07-31 00:00:00-04:00,10.92,10.69
infy,2020-08-31 00:00:00-04:00,12.04,11.87
infy,2020-09-30 00:00:00-04:00,12.46,12.25
infy,2020-10-31 00:00:00-04:00,14.1,13.86
infy,2020-11-30 00:00:00-05:00,14.31,14.06
infy,2020-12-31 00:00:00-05:00,15.3,15.06
infy,2021-01-31 00:00:00-05:00,17.21,16.87
infy,2021-02-28 00:00:00-05:00,16.8,16.54
infy,2021-03-31 00:00:00-04:00,17.76,17.44
infy,2021-04-30 00:00:00-04:00,17.62,17.38
infy,2021-05-31 00:00:00-04:00,17.6,17.41
infy,2021-06-30 00:00:00-04:00,19.53,19.25
infy,2021-07-31 00:00:00-04:00,20.5,20.23
infy,2021-08-31 00:00:00-04:00,22.47,22.19
infy,2021-09-30 00:00:00-04:00,22.3,22.01
infy,2021-10-31 00:00:00-04:00,22.0,21.64
infy,2021-11-30 00:00:00-05:00,22.43,22.13
infy,2021-12-31 00:00:00-05:00,23.18,22.77
infy,2022-01-31 00:00:00-05:00,23.62,23.08
infy,2022-02-28 00:00:00-05:00,22.22,21.73
infy,2022-03-31 00:00:00-04:00,23.41,22.94
infy,2022-04-30 00:00:00-04:00,21.32,20.89
infy,2022-05-31 00:00:00-04:00,18.83,18.43
infy,2022-06-30 00:00:00-04:00,18.33,18.02
infy,2022-07-31 00:00:00-04:00,18.32,18.0
infy,2022-08-31 00:00:00-04:00,19.31,19.07
infy,2022-09-30 00:00:00-04:00,17.4,17.08
infy,2022-10-31 00:00:00-04:00,17.7,17.32
infy,2022-11-30 00:00:00-05:00,19.16,18.85
infy,2022-12-31 00:00:00-05:00,18.58,18.24
infy,2023-01-31 00:00:00-05:00,18.33,18.05
infy,2023-02-28 00:00:00-05:00,18.79,18.55
infy,2023-03-31 00:00:00-04:00,17.24,16.98
infy,2023-04-30 00:00:00-04:00,15.83,15.56
infy,2023-05-31 00:00:00-04:00,15.29,15.12
infy,2023-06-30 00:00:00-04:00,15.76,15.5
intc,2018-06-30 00:00:00-04:00,45.66,44.59
intc,2018-07-31 00:00:00-04:00,44.69,43.81
intc,2018-08-31 00:00:00-04:00,42.44,41.73
intc,2018-09-30 00:00:00-04:00,40.82,40.07
intc,2018-10-31 00:00:00-04:00,40.71,39.49
intc,2018-11-30 00:00:00-05:00,42.45,41.4
intc,2018-12-31 00:00:00-05:00,42.02,40.67
intc,2019-01-31 00:00:00-05:00,42.35,41.34
intc,2019-02-28 00:00:00-05:00,45.23,44.47
intc,2019-03-31 00:00:00-04:00,47.73,46.95
intc,2019-04-30 00:00:00-04:00,49.74,48.97
intc,2019-05-31 00:00:00-04:00,41.76,40.78
intc,2019-06-30 00:00:00-04:00,41.75,40.96
intc,2019-07-31 00:00:00-04:00,44.75,43.88
intc,2019-08-31 00:00:00-04:00,42.26,41.4
intc,2019-09-30 00:00:00-04:00,46.07,45.15
intc,2019-10-31 00:00:00-04:00,47.32,46.38
intc,2019-11-30 00:00:00-05:00,52.46,51.71
intc,2019-12-31 00:00:00-05:00,52.45,51.76
intc,2020-01-31 00:00:00-05:00,56.24,55.12
intc,2020-02-29 00:00:00-05:00,58.9,57.61
intc,2020-03-31 00:00:00-04:00,48.92,45.36
intc,2020-04-30 00:00:00-04:00,53.78,51.69
intc,2020-05-31 00:00:00-04:00,55.5,53.92
intc,2020-06-30 00:00:00-04:00,55.98,54.52
intc,2020-07-31 00:00:00-04:00,52.17,50.89
intc,2020-08-31 00:00:00-04:00,45.33,44.51
intc,2020-09-30 00:00:00-04:00,46.47,45.35
intc,2020-10-31 00:00:00-04:00,47.36,46.35
intc,2020-11-30 00:00:00-05:00,42.77,41.89
intc,2020-12-31 00:00:00-05:00,46.05,44.8
intc,2021-01-31 00:00:00-05:00,51.9,49.95
intc,2021-02-28 00:00:00-05:00,56.43,54.85
intc,2021-03-31 00:00:00-04:00,59.44,57.53
intc,2021-04-30 00:00:00-04:00,59.22,57.84
intc,2021-05-31 00:00:00-04:00,52.86,51.87
intc,2021-06-30 00:00:00-04:00,53.53,52.57
intc,2021-07-31 00:00:00-04:00,52.08,51.08
intc,2021-08-31 00:00:00-04:00,50.61,49.87
intc,2021-09-30 00:00:00-04:00,51.09,50.33
intc,2021-10-31 00:00:00-04:00,49.83,48.89
intc,2021-11-30 00:00:00-05:00,47.83,46.92
intc,2021-12-31 00:00:00-05:00,48.64,47.57
intc,2022-01-31 00:00:00-05:00,50.79,49.27
intc,2022-02-28 00:00:00-05:00,45.93,44.7
intc,2022-03-31 00:00:00-04:00,46.59,45.27
intc,2022-04-30 00:00:00-04:00,45.48,44.28
intc,2022-05-31 00:00:00-04:00,42.28,41.05
intc,2022-06-30 00:00:00-04:00,38.59,37.65
intc,2022-07-31 00:00:00-04:00,37.27,36.27
intc,2022-08-31 00:00:00-04:00,34.38,33.54
intc,2022-09-30 00:00:00-04:00,28.69,27.89
intc,2022-10-31 00:00:00-04:00,26.36,25.39
intc,2022-11-30 00:00:00-05:00,29.02,28.13
intc,2022-12-31 00:00:00-05:00,27.47,26.75
intc,2023-01-31 00:00:00-05:00,28.79,27.96
intc,2023-02-28 00:00:00-05:00,27.99,27.03
intc,2023-03-31 00:00:00-04:00,28.6,27.6
intc,2023-04-30 00:00:00-04:00,31.86,31.04
intc,2023-05-31 00:00:00-04:00,30.25,29.28
intc,2023-06-30 00:00:00-04:00,32.09,30.94
intu,2018-06-30 00:00:00-04:00,201.64,197.5
intu,2018-07-31 00:00:00-04:00,206.45,202.82
intu,2018-08-31 00:00:00-04:00,205.37,202.2
intu,2018-09-30 00:00:00-04:00,217.68,213.86
intu,2018-10-31 00:00:00-04:00,210.18,203.7
intu,2018-11-30 00:00:00-05:00,205.75,200.04
intu,2018-12-31 00:00:00-05:00,197.97,190.83
intu,2019-01-31 00:00:00-05:00,202.95,198.4
intu,2019-02-28 00:00:00-05:00,227.58,223.34
intu,2019-03-31 00:00:00-04:00,248.02,243.81
intu,2019-04-30 00:00:00-04:00,255.42,250.46
intu,2019-05-31 00:00:00-04:00,242.0,236.69
intu,2019-06-30 00:00:00-04:00,252.71,247.69
intu,2019-07-31 00:00:00-04:00,271.8,268.03
intu,2019-08-31 00:00:00-04:00,272.01,265.86
intu,2019-09-30 00:00:00-04:00,268.5,262.39
intu,2019-10-31 00:00:00-04:00,259.62,254.43
intu,2019-11-30 00:00:00-05:00,258.34,252.99
intu,2019-12-31 00:00:00-05:00,255.89,251.69
intu,2020-01-31 00:00:00-05:00,274.29,269.69
intu,2020-02-29 00:00:00-05:00,289.71,282.25
intu,2020-03-31 00:00:00-04:00,247.77,230.29
intu,2020-04-30 00:00:00-04:00,252.33,242.81
intu,2020-05-31 00:00:00-04:00,280.21,271.97
intu,2020-06-30 00:00:00-04:00,286.49,278.54
intu,2020-07-31 00:00:00-04:00,297.25,289.87
intu,2020-08-31 00:00:00-04:00,316.22,309.59
intu,2020-09-30 00:00:00-04:00,321.51,311.1
intu,2020-10-31 00:00:00-04:00,332.4,324.98
intu,2020-11-30 00:00:00-05:00,348.57,338.61
intu,2020-12-31 00:00:00-05:00,368.65,361.04
intu,2021-01-31 00:00:00-05:00,371.67,361.84
intu,2021-02-28 00:00:00-05:00,397.78,386.41
intu,2021-03-31 00:00:00-04:00,385.19,374.53
intu,2021-04-30 00:00:00-04:00,408.7,401.18
intu,2021-05-31 00:00:00-04:00,415.42,405.57
intu,2021-06-30 00:00:00-04:00,468.3,460.62
intu,2021-07-31 00:00:00-04:00,508.04,500.41
intu,2021-08-31 00:00:00-04:00,541.41,532.31
intu,2021-09-30 00:00:00-04:00,561.67,551.5
intu,2021-10-31 00:00:00-04:00,562.12,550.61
intu,2021-11-30 00:00:00-05:00,642.88,624.54
intu,2021-12-31 00:00:00-05:00,649.42,632.66
intu,2022-01-31 00:00:00-05:00,565.09,542.46
intu,2022-02-28 00:00:00-05:00,529.75,508.91
intu,2022-03-31 00:00:00-04:00,468.25,450.18
intu,2022-04-30 00:00:00-04:00,472.17,454.98
intu,2022-05-31 00:00:00-04:00,391.79,373.68
intu,2022-06-30 00:00:00-04:00,398.15,383.35
intu,2022-07-31 00:00:00-04:00,413.18,398.26
intu,2022-08-31 00:00:00-04:00,466.59,454.92
intu,2022-09-30 00:00:00-04:00,422.48,410.06
intu,2022-10-31 00:00:00-04:00,412.17,397.12
intu,2022-11-30 00:00:00-05:00,394.94,377.92
intu,2022-12-31 00:00:00-05:00,400.09,388.02
intu,2023-01-31 00:00:00-05:00,402.28,389.26
intu,2023-02-28 00:00:00-05:00,422.7,410.19
intu,2023-03-31 00:00:00-04:00,419.89,408.51
intu,2023-04-30 00:00:00-04:00,444.21,432.66
intu,2023-05-31 00:00:00-04:00,435.92,423.72
intu,2023-06-30 00:00:00-04:00,441.44,428.12
meta,2018-06-30 00:00:00-04:00,199.66,195.5
meta,2018-07-31 00:00:00-04:00,201.6,197.5
meta,2018-08-31 00:00:00-04:00,179.43,175.68
meta,2018-09-30 00:00:00-04:00,166.4,162.42
meta,2018-10-31 00:00:00-04:00,157.12,152.1
meta,2018-11-30 00:00:00-05:00,143.66,139.59
meta,2018-12-31 00:00:00-05:00,140.49,134.81
meta,2019-01-31 00:00:00-05:00,147.33,142.94
meta,2019-02-28 00:00:00-05:00,166.53,163.29
meta,2019-03-31 00:00:00-04:00,168.8,165.38
meta,2019-04-30 00:00:00-04:00,182.08,178.96
meta,2019-05-31 00:00:00-04:00,187.9,184.22
meta,2019-06-30 00:00:00-04:00,183.89,178.92
meta,2019-07-31 00:00:00-04:00,201.51,197.16
meta,2019-08-31 00:00:00-04:00,186.8,182.61
meta,2019-09-30 00:00:00-04:00,187.61,183.89
meta,2019-10-31 00:00:00-04:00,186.43,182.02
meta,2019-11-30 00:00:00-05:00,197.11,194.07
meta,2019-12-31 00:00:00-05:00,203.54,200.21
meta,2020-01-31 00:00:00-05:00,218.12,214.42
meta,2020-02-29 00:00:00-05:00,209.68,204.96
meta,2020-03-31 00:00:00-04:00,170.17,160.39
meta,2020-04-30 00:00:00-04:00,179.79,173.59
meta,2020-05-31 00:00:00-04:00,219.48,213.24
meta,2020-06-30 00:00:00-04:00,235.12,227.73
meta,2020-07-31 00:00:00-04:00,242.38,235.03
meta,2020-08-31 00:00:00-04:00,273.1,264.49
meta,2020-09-30 00:00:00-04:00,271.65,262.5
meta,2020-10-31 00:00:00-04:00,274.08,266.48
meta,2020-11-30 00:00:00-05:00,279.53,272.28
meta,2020-12-31 00:00:00-05:00,280.01,272.65
meta,2021-01-31 00:00:00-05:00,269.93,261.12
meta,2021-02-28 00:00:00-05:00,269.66,262.85
meta,2021-03-31 00:00:00-04:00,280.15,271.38
meta,2021-04-30 00:00:00-04:00,310.81,304.71
meta,2021-05-31 00:00:00-04:00,320.23,313.68
meta,2021-06-30 00:00:00-04:00,339.28,332.8
meta,2021-07-31 00:00:00-04:00,356.98,349.23
meta,2021-08-31 00:00:00-04:00,365.62,359.1
meta,2021-09-30 00:00:00-04:00,367.68,360.54
meta,2021-10-31 00:00:00-04:00,332.81,324.67
meta,2021-11-30 00:00:00-05:00,341.5,333.2
meta,2021-12-31 00:00:00-05:00,335.81,326.12
meta,2022-01-31 00:00:00-05:00,325.1,314.11
meta,2022-02-28 00:00:00-05:00,233.49,223.98
meta,2022-03-31 00:00:00-04:00,210.75,203.49
meta,2022-04-30 00:00:00-04:00,213.53,204.86
meta,2022-05-31 00:00:00-04:00,201.98,192.93
meta,2022-06-30 00:00:00-04:00,178.61,170.42
meta,2022-07-31 00:00:00-04:00,169.59,163.4
meta,2022-08-31 00:00:00-04:00,171.73,166.27
meta,2022-09-30 00:00:00-04:00,153.23,147.82
meta,2022-10-31 00:00:00-04:00,130.95,125.44
meta,2022-11-30 00:00:00-05:00,108.1,104.12
meta,2022-12-31 00:00:00-05:00,119.85,115.9
meta,2023-01-31 00:00:00-05:00,138.73,134.57
meta,2023-02-28 00:00:00-05:00,180.22,173.77
meta,2023-03-31 00:00:00-04:00,196.55,190.55
meta,2023-04-30 00:00:00-04:00,219.16,214.58
meta,2023-05-31 00:00:00-04:00,246.04,239.94
meta,2023-06-30 00:00:00-04:00,273.2,266.01
msft,2018-06-30 00:00:00-04:00,95.42,93.84
msft,2018-07-31 00:00:00-04:00,99.74,98.05
msft,2018-08-31 00:00:00-04:00,103.51,102.23
msft,2018-09-30 00:00:00-04:00,107.24,105.59
msft,2018-10-31 00:00:00-04:00,105.42,102.3
msft,2018-11-30 00:00:00-05:00,103.24,100.75
msft,2018-12-31 00:00:00-05:00,101.59,97.81
msft,2019-01-31 00:00:00-05:00,100.1,98.07
msft,2019-02-28 00:00:00-05:00,103.58,102.1
msft,2019-03-31 00:00:00-04:00,110.99,109.25
msft,2019-04-30 00:00:00-04:00,118.02,116.76
msft,2019-05-31 00:00:00-04:00,122.24,120.18
msft,2019-06-30 00:00:00-04:00,127.94,125.77
msft,2019-07-31 00:00:00-04:00,133.63,131.8
msft,2019-08-31 00:00:00-04:00,132.53,129.92
msft,2019-09-30 00:00:00-04:00,134.13,132.11
msft,2019-10-31 00:00:00-04:00,135.39,133.36
msft,2019-11-30 00:00:00-05:00,143.43,142.08
msft,2019-12-31 00:00:00-05:00,149.76,148.21
msft,2020-01-31 00:00:00-05:00,159.64,157.43
msft,2020-02-29 00:00:00-05:00,175.69,170.35
msft,2020-03-31 00:00:00-04:00,152.86,143.21
msft,2020-04-30 00:00:00-04:00,166.24,161.42
msft,2020-05-31 00:00:00-04:00,179.1,175.08
msft,2020-06-30 00:00:00-04:00,189.41,184.74
msft,2020-07-31 00:00:00-04:00,203.7,198.74
msft,2020-08-31 00:00:00-04:00,210.66,206.26
msft,2020-09-30 00:00:00-04:00,207.23,200.62
msft,2020-10-31 00:00:00-04:00,210.1,205.48
msft,2020-11-30 00:00:00-05:00,211.34,206.84
msft,2020-12-31 00:00:00-05:00,214.67,211.23
msft,2021-01-31 00:00:00-05:00,219.61,214.67
msft,2021-02-28 00:00:00-05:00,236.84,232.42
msft,2021-03-31 00:00:00-04:00,231.6,226.91
msft,2021-04-30 00:00:00-04:00,251.89,248.2
msft,2021-05-31 00:00:00-04:00,244.75,241.08
msft,2021-06-30 00:00:00-04:00,255.78,252.36
msft,2021-07-31 00:00:00-04:00,278.05,274.09
msft,2021-08-31 00:00:00-04:00,290.83,287.0
msft,2021-09-30 00:00:00-04:00,294.77,290.46
msft,2021-10-31 00:00:00-04:00,300.33,295.39
msft,2021-11-30 00:00:00-05:00,333.4,328.35
msft,2021-12-31 00:00:00-05:00,331.35,324.34
msft,2022-01-31 00:00:00-05:00,310.08,300.12
msft,2022-02-28 00:00:00-05:00,298.61,290.63
msft,2022-03-31 00:00:00-04:00,295.57,287.76
msft,2022-04-30 00:00:00-04:00,290.42,282.31
msft,2022-05-31 00:00:00-04:00,267.64,259.19
msft,2022-06-30 00:00:00-04:00,260.5,253.74
msft,2022-07-31 00:00:00-04:00,262.28,255.27
msft,2022-08-31 00:00:00-04:00,280.8,275.95
msft,2022-09-30 00:00:00-04:00,249.27,243.32
msft,2022-10-31 00:00:00-04:00,238.6,231.57
msft,2022-11-30 00:00:00-05:00,238.65,232.44
msft,2022-12-31 00:00:00-05:00,247.38,241.47
msft,2023-01-31 00:00:00-05:00,238.55,232.93
msft,2023-02-28 00:00:00-05:00,261.97,256.12
msft,2023-03-31 00:00:00-04:00,268.79,262.69
msft,2023-04-30 00:00:00-04:00,290.25,284.69
msft,2023-05-31 00:00:00-04:00,316.48,311.44
msft,2023-06-30 00:00:00-04:00,333.91,327.77
now,2018-06-30 00:00:00-04:00,181.04,175.75
now,2018-07-31 00:00:00-04:00,188.4,182.76
now,2018-08-31 00:00:00-04:00,188.76,184.25
now,2018-09-30 00:00:00-04:00,198.3,192.58
now,2018-10-31 00:00:00-04:00,185.8,176.98
now,2018-11-30 00:00:00-05:00,176.81,169.03
now,2018-12-31 00:00:00-05:00,182.43,173.74
now,2019-01-31 00:00:00-05:00,190.89,184.41
now,2019-02-28 00:00:00-05:00,233.66,228.5
now,2019-03-31 00:00:00-04:00,243.6,237.48
now,2019-04-30 00:00:00-04:00,249.81,243.23
now,2019-05-31 00:00:00-04:00,271.77,264.13
now,2019-06-30 00:00:00-04:00,278.04,270.35
now,2019-07-31 00:00:00-04:00,295.14,288.49
now,2019-08-31 00:00:00-04:00,265.74,258.48
now,2019-09-30 00:00:00-04:00,264.41,256.24
now,2019-10-31 00:00:00-04:00,256.28,247.57
now,2019-11-30 00:00:00-05:00,264.79,258.63
now,2019-12-31 00:00:00-05:00,279.67,273.89
now,2020-01-31 00:00:00-05:00,309.88,303.34
now,2020-02-29 00:00:00-05:00,348.1,337.4
now,2020-03-31 00:00:00-04:00,302.05,278.6
now,2020-04-30 00:00:00-04:00,297.55,283.2
now,2020-05-31 00:00:00-04:00,381.36,365.69
now,2020-06-30 00:00:00-04:00,399.33,385.16
now,2020-07-31 00:00:00-04:00,432.32,417.85
now,2020-08-31 00:00:00-04:00,452.98,440.61
now,2020-09-30 00:00:00-04:00,473.98,457.3
now,2020-10-31 00:00:00-04:00,513.28,499.0
now,2020-11-30 00:00:00-05:00,518.79,502.24
now,2020-12-31 00:00:00-05:00,548.47,535.45
now,2021-01-31 00:00:00-05:00,536.71,520.55
now,2021-02-28 00:00:00-05:00,579.05,562.41
now,2021-03-31 00:00:00-04:00,501.84,483.82
now,2021-04-30 00:00:00-04:00,542.76,530.2
now,2021-05-31 00:00:00-04:00,480.06,466.25
now,2021-06-30 00:00:00-04:00,514.04,502.99
now,2021-07-31 00:00:00-04:00,572.53,560.58
now,2021-08-31 00:00:00-04:00,604.18,592.72
now,2021-09-30 00:00:00-04:00,655.79,642.78
now,2021-10-31 00:00:00-04:00,664.54,648.74
now,2021-11-30 00:00:00-05:00,685.79,668.26
now,2021-12-31 00:00:00-05:00,649.29,624.65
now,2022-01-31 00:00:00-05:00,567.85,534.36
now,2022-02-28 00:00:00-05:00,587.93,564.3
now,2022-03-31 00:00:00-04:00,571.16,543.74
now,2022-04-30 00:00:00-04:00,522.41,500.35
now,2022-05-31 00:00:00-04:00,459.44,433.93
now,2022-06-30 00:00:00-04:00,486.5,465.9
now,2022-07-31 00:00:00-04:00,462.89,443.17
now,2022-08-31 00:00:00-04:00,481.92,466.7
now,2022-09-30 00:00:00-04:00,427.4,413.47
now,2022-10-31 00:00:00-04:00,390.26,372.9
now,2022-11-30 00:00:00-05:00,404.35,389.06
now,2022-12-31 00:00:00-05:00,402.05,388.28
now,2023-01-31 00:00:00-05:00,424.69,408.26
now,2023-02-28 00:00:00-05:00,460.05,447.57
now,2023-03-31 00:00:00-04:00,441.89,429.54
now,2023-04-30 00:00:00-04:00,472.46,459.61
now,2023-05-31 00:00:00-04:00,485.73,473.08
now,2023-06-30 00:00:00-04:00,553.26,537.46
nvda,2018-06-30 00:00:00-04:00,63.53,61.82
nvda,2018-07-31 00:00:00-04:00,62.21,60.78
nvda,2018-08-31 00:00:00-04:00,65.18,63.61
nvda,2018-09-30 00:00:00-04:00,68.16,66.62
nvda,2018-10-31 00:00:00-04:00,61.31,58.31
nvda,2018-11-30 00:00:00-05:00,46.22,43.75
nvda,2018-12-31 00:00:00-05:00,36.84,34.84
nvda,2019-01-31 00:00:00-05:00,36.68,34.9
nvda,2019-02-28 00:00:00-05:00,38.66,37.53
nvda,2019-03-31 00:00:00-04:00,42.24,40.79
nvda,2019-04-30 00:00:00-04:00,46.96,45.84
nvda,2019-05-31 00:00:00-04:00,40.45,39.21
nvda,2019-06-30 00:00:00-04:00,37.74,36.72
nvda,2019-07-31 00:00:00-04:00,42.28,41.24
nvda,2019-08-31 00:00:00-04:00,40.57,39.3
nvda,2019-09-30 00:00:00-04:00,44.66,43.53
nvda,2019-10-31 00:00:00-04:00,48.11,46.82
nvda,2019-11-30 00:00:00-05:00,52.96,51.7
nvda,2019-12-31 00:00:00-05:00,56.48,55.36
nvda,2020-01-31 00:00:00-05:00,61.58,60.21
nvda,2020-02-29 00:00:00-05:00,68.64,65.8
nvda,2020-03-31 00:00:00-04:00,62.88,58.08
nvda,2020-04-30 00:00:00-04:00,70.68,67.59
nvda,2020-05-31 00:00:00-04:00,83.05,79.72
nvda,2020-06-30 00:00:00-04:00,92.19,89.21
nvda,2020-07-31 00:00:00-04:00,103.43,100.2
nvda,2020-08-31 00:00:00-04:00,120.88,117.06
nvda,2020-09-30 00:00:00-04:00,130.76,124.06
nvda,2020-10-31 00:00:00-04:00,137.66,133.74
nvda,2020-11-30 00:00:00-05:00,135.84,131.02
nvda,2020-12-31 00:00:00-05:00,133.33,130.46
nvda,2021-01-31 00:00:00-05:00,135.06,130.65
nvda,2021-02-28 00:00:00-05:00,144.68,139.59
nvda,2021-03-31 00:00:00-04:00,131.1,126.17
nvda,2021-04-30 00:00:00-04:00,151.71,147.31
nvda,2021-05-31 00:00:00-04:00,148.75,144.12
nvda,2021-06-30 00:00:00-04:00,183.64,178.53
nvda,2021-07-31 00:00:00-04:00,198.98,193.03
nvda,2021-08-31 00:00:00-04:00,209.37,202.92
nvda,2021-09-30 00:00:00-04:00,221.65,216.43
nvda,2021-10-31 00:00:00-04:00,223.23,217.23
nvda,2021-11-30 00:00:00-05:00,311.19,295.69
nvda,2021-12-31 00:00:00-05:00,307.02,291.6
nvda,2022-01-31 00:00:00-05:00,265.97,250.68
nvda,2022-02-28 00:00:00-05:00,252.62,238.34
nvda,2022-03-31 00:00:00-04:00,253.77,241.31
nvda,2022-04-30 00:00:00-04:00,227.62,215.26
nvda,2022-05-31 00:00:00-04:00,182.82,171.19
nvda,2022-06-30 00:00:00-04:00,174.44,166.55
nvda,2022-07-31 00:00:00-04:00,165.53,158.57
nvda,2022-08-31 00:00:00-04:00,181.19,173.67
nvda,2022-09-30 00:00:00-04:00,134.66,129.15
nvda,2022-10-31 00:00:00-04:00,127.75,121.2
nvda,2022-11-30 00:00:00-05:00,155.99,149.18
nvda,2022-12-31 00:00:00-05:00,165.36,158.66
nvda,2023-01-31 00:00:00-05:00,175.16,167.0
nvda,2023-02-28 00:00:00-05:00,224.46,215.19
nvda,2023-03-31 00:00:00-04:00,254.56,245.98
nvda,2023-04-30 00:00:00-04:00,274.84,267.5
nvda,2023-05-31 00:00:00-04:00,315.72,304.78
nvda,2023-06-30 00:00:00-04:00,397.74,384.47
orcl,2018-06-30 00:00:00-04:00,41.59,40.6
orcl,2018-07-31 00:00:00-04:00,44.22,43.58
orcl,2018-08-31 00:00:00-04:00,45.06,44.54
orcl,2018-09-30 00:00:00-04:00,46.27,45.48
orcl,2018-10-31 00:00:00-04:00,45.32,44.34
orcl,2018-11-30 00:00:00-05:00,46.06,45.15
orcl,2018-12-31 00:00:00-05:00,43.61,42.25
orcl,2019-01-31 00:00:00-05:00,45.26,44.39
orcl,2019-02-28 00:00:00-05:00,48.33,47.72
orcl,2019-03-31 00:00:00-04:00,49.74,48.86
orcl,2019-04-30 00:00:00-04:00,51.12,50.6
orcl,2019-05-31 00:00:00-04:00,50.67,49.88
orcl,2019-06-30 00:00:00-04:00,51.2,50.3
orcl,2019-07-31 00:00:00-04:00,55.28,54.5
orcl,2019-08-31 00:00:00-04:00,50.63,49.74
orcl,2019-09-30 00:00:00-04:00,50.93,49.92
orcl,2019-10-31 00:00:00-04:00,52.15,51.3
orcl,2019-11-30 00:00:00-05:00,53.29,52.8
orcl,2019-12-31 00:00:00-05:00,51.61,50.94
orcl,2020-01-31 00:00:00-05:00,51.69,50.93
orcl,2020-02-29 00:00:00-05:00,51.75,50.79
orcl,2020-03-31 00:00:00-04:00,46.23,43.09
orcl,2020-04-30 00:00:00-04:00,50.33,49.18
orcl,2020-05-31 00:00:00-04:00,50.7,49.76
orcl,2020-06-30 00:00:00-04:00,51.82,50.5
orcl,2020-07-31 00:00:00-04:00,53.94,53.15
orcl,2020-08-31 00:00:00-04:00,53.65,52.78
orcl,2020-09-30 00:00:00-04:00,57.26,55.64
orcl,2020-10-31 00:00:00-04:00,57.5,56.58
orcl,2020-11-30 00:00:00-05:00,55.21,54.21
orcl,2020-12-31 00:00:00-05:00,60.23,59.14
orcl,2021-01-31 00:00:00-05:00,60.39,59.31
orcl,2021-02-28 00:00:00-05:00,61.49,60.33
orcl,2021-03-31 00:00:00-04:00,66.58,65.01
orcl,2021-04-30 00:00:00-04:00,73.88,72.59
orcl,2021-05-31 00:00:00-04:00,76.88,75.63
orcl,2021-06-30 00:00:00-04:00,78.18,76.87
orcl,2021-07-31 00:00:00-04:00,85.09,83.08
orcl,2021-08-31 00:00:00-04:00,87.45,86.28
orcl,2021-09-30 00:00:00-04:00,87.26,85.5
orcl,2021-10-31 00:00:00-04:00,93.37,91.65
orcl,2021-11-30 00:00:00-05:00,92.94,91.16
orcl,2021-12-31 00:00:00-05:00,91.8,89.45
orcl,2022-01-31 00:00:00-05:00,84.05,82.07
orcl,2022-02-28 00:00:00-05:00,78.04,76.13
orcl,2022-03-31 00:00:00-04:00,78.73,76.49
orcl,2022-04-30 00:00:00-04:00,78.85,76.98
orcl,2022-05-31 00:00:00-04:00,70.84,69.01
orcl,2022-06-30 00:00:00-04:00,69.5,67.55
orcl,2022-07-31 00:00:00-04:00,72.18,70.76
orcl,2022-08-31 00:00:00-04:00,76.65,75.55
orcl,2022-09-30 00:00:00-04:00,69.73,67.97
orcl,2022-10-31 00:00:00-04:00,68.54,66.45
orcl,2022-11-30 00:00:00-05:00,79.0,77.21
orcl,2022-12-31 00:00:00-05:00,81.04,79.41
orcl,2023-01-31 00:00:00-05:00,87.63,86.0
orcl,2023-02-28 00:00:00-05:00,88.38,86.83
orcl,2023-03-31 00:00:00-04:00,88.04,86.18
orcl,2023-04-30 00:00:00-04:00,95.35,93.96
orcl,2023-05-31 00:00:00-04:00,99.81,98.05
orcl,2023-06-30 00:00:00-04:00,110.7,107.8
pypl,2018-06-30 00:00:00-04:00,85.11,83.19
pypl,2018-07-31 00:00:00-04:00,87.85,85.75
pypl,2018-08-31 00:00:00-04:00,88.13,86.52
pypl,2018-09-30 00:00:00-04:00,91.18,89.21
pypl,2018-10-31 00:00:00-04:00,84.0,80.99
pypl,2018-11-30 00:00:00-05:00,84.86,82.31
pypl,2018-12-31 00:00:00-05:00,85.89,82.58
pypl,2019-01-31 00:00:00-05:00,90.64,88.47
pypl,2019-02-28 00:00:00-05:00,94.67,93.07
pypl,2019-03-31 00:00:00-04:00,100.74,99.0
pypl,2019-04-30 00:00:00-04:00,108.22,106.36
pypl,2019-05-31 00:00:00-04:00,111.76,109.41
pypl,2019-06-30 00:00:00-04:00,115.52,113.19
pypl,2019-07-31 00:00:00-04:00,118.37,116.2
pypl,2019-08-31 00:00:00-04:00,108.01,105.62
pypl,2019-09-30 00:00:00-04:00,107.15,104.6
pypl,2019-10-31 00:00:00-04:00,103.63,101.27
pypl,2019-11-30 00:00:00-05:00,104.43,102.39
pypl,2019-12-31 00:00:00-05:00,107.86,106.22
pypl,2020-01-31 00:00:00-05:00,115.24,112.96
pypl,2020-02-29 00:00:00-05:00,119.23,116.1
pypl,2020-03-31 00:00:00-04:00,103.88,96.78
pypl,2020-04-30 00:00:00-04:00,110.81,106.63
pypl,2020-05-31 00:00:00-04:00,144.23,139.61
pypl,2020-06-30 00:00:00-04:00,164.44,159.55
pypl,2020-07-31 00:00:00-04:00,180.56,174.83
pypl,2020-08-31 00:00:00-04:00,200.2,195.29
pypl,2020-09-30 00:00:00-04:00,193.03,185.36
pypl,2020-10-31 00:00:00-04:00,202.65,196.04
pypl,2020-11-30 00:00:00-05:00,198.56,191.28
pypl,2020-12-31 00:00:00-05:00,228.64,222.81
pypl,2021-01-31 00:00:00-05:00,243.7,235.6
pypl,2021-02-28 00:00:00-05:00,278.79,268.32
pypl,2021-03-31 00:00:00-04:00,250.19,240.41
pypl,2021-04-30 00:00:00-04:00,268.08,261.07
pypl,2021-05-31 00:00:00-04:00,254.3,247.05
pypl,2021-06-30 00:00:00-04:00,277.81,272.06
pypl,2021-07-31 00:00:00-04:00,299.54,293.39
pypl,2021-08-31 00:00:00-04:00,278.91,273.56
pypl,2021-09-30 00:00:00-04:00,281.64,275.61
pypl,2021-10-31 00:00:00-04:00,259.83,251.82
pypl,2021-11-30 00:00:00-05:00,210.94,204.18
pypl,2021-12-31 00:00:00-05:00,191.43,185.66
pypl,2022-01-31 00:00:00-05:00,180.71,173.0
pypl,2022-02-28 00:00:00-05:00,121.24,115.4
pypl,2022-03-31 00:00:00-04:00,110.29,105.33
pypl,2022-04-30 00:00:00-04:00,104.46,99.57
pypl,2022-05-31 00:00:00-04:00,83.65,79.49
pypl,2022-06-30 00:00:00-04:00,79.95,76.3
pypl,2022-07-31 00:00:00-04:00,78.06,74.69
pypl,2022-08-31 00:00:00-04:00,97.63,94.56
pypl,2022-09-30 00:00:00-04:00,93.75,90.43
pypl,2022-10-31 00:00:00-04:00,88.2,84.77
pypl,2022-11-30 00:00:00-05:00,83.94,80.44
pypl,2022-12-31 00:00:00-05:00,72.87,70.51
pypl,2023-01-31 00:00:00-05:00,79.45,77.12
pypl,2023-02-28 00:00:00-05:00,79.99,77.44
pypl,2023-03-31 00:00:00-04:00,75.41,73.24
pypl,2023-04-30 00:00:00-04:00,75.49,73.68
pypl,2023-05-31 00:00:00-04:00,66.38,64.41
pypl,2023-06-30 00:00:00-04:00,64.53,63.26
shop,2018-06-30 00:00:00-04:00,16.43,15.8
shop,2018-07-31 00:00:00-04:00,16.49,15.84
shop,2018-08-31 00:00:00-04:00,14.4,13.9
shop,2018-09-30 00:00:00-04:00,15.73,15.12
shop,2018-10-31 00:00:00-04:00,14.35,13.48
shop,2018-11-30 00:00:00-05:00,14.61,13.87
shop,2018-12-31 00:00:00-05:00,14.56,13.73
shop,2019-01-31 00:00:00-05:00,15.43,14.91
shop,2019-02-28 00:00:00-05:00,18.05,17.48
shop,2019-03-31 00:00:00-04:00,20.14,19.5
shop,2019-04-30 00:00:00-04:00,21.65,20.94
shop,2019-05-31 00:00:00-04:00,27.0,26.02
shop,2019-06-30 00:00:00-04:00,30.83,29.6
shop,2019-07-31 00:00:00-04:00,32.73,31.63
shop,2019-08-31 00:00:00-04:00,37.26,35.78
shop,2019-09-30 00:00:00-04:00,34.8,33.11
shop,2019-10-31 00:00:00-04:00,32.77,31.22
shop,2019-11-30 00:00:00-05:00,31.88,30.7
shop,2019-12-31 00:00:00-05:00,38.83,37.27
shop,2020-01-31 00:00:00-05:00,45.11,43.75
shop,2020-02-29 00:00:00-05:00,51.05,48.44
shop,2020-03-31 00:00:00-04:00,43.28,39.9
shop,2020-04-30 00:00:00-04:00,53.35,49.68
shop,2020-05-31 00:00:00-04:00,75.53,71.34
shop,2020-06-30 00:00:00-04:00,83.19,79.9
shop,2020-07-31 00:00:00-04:00,101.93,95.99
shop,2020-08-31 00:00:00-04:00,105.71,101.45
shop,2020-09-30 00:00:00-04:00,98.21,93.09
shop,2020-10-31 00:00:00-04:00,107.31,103.08
shop,2020-11-30 00:00:00-05:00,98.22,94.1
shop,2020-12-31 00:00:00-05:00,115.05,110.01
shop,2021-01-31 00:00:00-05:00,118.3,113.5
shop,2021-02-28 00:00:00-05:00,136.58,129.93
shop,2021-03-31 00:00:00-04:00,116.94,110.4
shop,2021-04-30 00:00:00-04:00,120.37,115.53
shop,2021-05-31 00:00:00-04:00,117.72,112.2
shop,2021-06-30 00:00:00-04:00,137.94,132.96
shop,2021-07-31 00:00:00-04:00,154.32,148.39
shop,2021-08-31 00:00:00-04:00,153.8,149.22
shop,2021-09-30 00:00:00-04:00,148.93,144.67
shop,2021-10-31 00:00:00-04:00,142.72,137.69
shop,2021-11-30 00:00:00-05:00,161.48,154.24
shop,2021-12-31 00:00:00-05:00,144.29,137.37
shop,2022-01-31 00:00:00-05:00,110.32,101.5
shop,2022-02-28 00:00:00-05:00,82.28,76.68
shop,2022-03-31 00:00:00-04:00,66.61,61.6
shop,2022-04-30 00:00:00-04:00,59.01,54.87
shop,2022-05-31 00:00:00-04:00,39.43,35.68
shop,2022-06-30 00:00:00-04:00,36.31,33.58
shop,2022-07-31 00:00:00-04:00,35.32,32.57
shop,2022-08-31 00:00:00-04:00,38.17,35.64
shop,2022-09-30 00:00:00-04:00,31.67,29.92
shop,2022-10-31 00:00:00-04:00,29.94,28.13
shop,2022-11-30 00:00:00-05:00,37.27,35.04
shop,2022-12-31 00:00:00-05:00,38.38,36.38
shop,2023-01-31 00:00:00-05:00,41.79,39.56
shop,2023-02-28 00:00:00-05:00,48.13,46.07
shop,2023-03-31 00:00:00-04:00,44.82,42.93
shop,2023-04-30 00:00:00-04:00,47.83,46.23
shop,2023-05-31 00:00:00-04:00,60.08,57.48
shop,2023-06-30 00:00:00-04:00,62.62,59.36
snow,2020-09-30 00:00:00-04:00,254.82,225.74
snow,2020-10-31 00:00:00-04:00,259.18,244.38
snow,2020-11-30 00:00:00-05:00,271.71,256.0
snow,2020-12-31 00:00:00-05:00,351.05,324.29
snow,2021-01-31 00:00:00-05:00,296.48,280.44
snow,2021-02-28 00:00:00-05:00,299.15,283.02
snow,2021-03-31 00:00:00-04:00,240.81,225.75
snow,2021-04-30 00:00:00-04:00,237.7,229.05
snow,2021-05-31 00:00:00-04:00,223.02,211.64
snow,2021-06-30 00:00:00-04:00,249.08,240.9
snow,2021-07-31 00:00:00-04:00,261.77,251.62
snow,2021-08-31 00:00:00-04:00,286.01,275.02
snow,2021-09-30 00:00:00-04:00,317.13,307.57
snow,2021-10-31 00:00:00-04:00,332.15,322.21
snow,2021-11-30 00:00:00-05:00,376.6,362.62
snow,2021-12-31 00:00:00-05:00,357.71,337.24
snow,2022-01-31 00:00:00-05:00,297.13,276.36
snow,2022-02-28 00:00:00-05:00,293.14,274.63
snow,2022-03-31 00:00:00-04:00,222.89,206.74
snow,2022-04-30 00:00:00-04:00,208.73,195.23
snow,2022-05-31 00:00:00-04:00,153.76,139.63
snow,2022-06-30 00:00:00-04:00,134.83,126.44
snow,2022-07-31 00:00:00-04:00,153.08,143.35
snow,2022-08-31 00:00:00-04:00,171.99,162.82
snow,2022-09-30 00:00:00-04:00,184.0,174.78
snow,2022-10-31 00:00:00-04:00,174.09,164.21
snow,2022-11-30 00:00:00-05:00,149.78,141.03
snow,2022-12-31 00:00:00-05:00,146.44,139.11
snow,2023-01-31 00:00:00-05:00,145.22,137.35
snow,2023-02-28 00:00:00-05:00,163.78,156.26
snow,2023-03-31 00:00:00-04:00,142.46,136.18
snow,2023-04-30 00:00:00-04:00,147.43,142.02
snow,2023-05-31 00:00:00-04:00,167.02,160.18
snow,2023-06-30 00:00:00-04:00,178.05,169.82
t,2018-06-30 00:00:00-04:00,16.35,16.03
t,2018-07-31 00:00:00-04:00,16.39,16.15
t,2018-08-31 00:00:00-04:00,16.79,16.62
t,2018-09-30 00:00:00-04:00,17.18,16.93
t,2018-10-31 00:00:00-04:00,17.05,16.69
t,2018-11-30 00:00:00-05:00,16.11,15.83
t,2018-12-31 00:00:00-05:00,15.7,15.25
t,2019-01-31 00:00:00-05:00,16.36,16.05
t,2019-02-28 00:00:00-05:00,16.32,16.1
t,2019-03-31 00:00:00-04:00,16.54,16.29
t,2019-04-30 00:00:00-04:00,17.37,17.15
t,2019-05-31 00:00:00-04:00,17.27,17.01
t,2019-06-30 00:00:00-04:00,17.78,17.57
t,2019-07-31 00:00:00-04:00,18.79,18.53
t,2019-08-31 00:00:00-04:00,19.46,19.17
t,2019-09-30 00:00:00-04:00,20.91,20.59
t,2019-10-31 00:00:00-04:00,21.49,21.19
t,2019-11-30 00:00:00-05:00,22.07,21.76
t,2019-12-31 00:00:00-05:00,22.0,21.8
t,2020-01-31 00:00:00-05:00,22.3,22.0
t,2020-02-29 00:00:00-05:00,22.09,21.66
t,2020-03-31 00:00:00-04:00,19.37,18.3
t,2020-04-30 00:00:00-04:00,17.95,17.43
t,2020-05-31 00:00:00-04:00,17.78,17.37
t,2020-06-30 00:00:00-04:00,18.44,18.04
t,2020-07-31 00:00:00-04:00,18.19,17.91
t,2020-08-31 00:00:00-04:00,18.26,18.03
t,2020-09-30 00:00:00-04:00,17.68,17.41
t,2020-10-31 00:00:00-04:00,17.28,16.99
t,2020-11-30 00:00:00-05:00,17.79,17.51
t,2020-12-31 00:00:00-05:00,18.51,18.18
t,2021-01-31 00:00:00-05:00,18.6,18.24
t,2021-02-28 00:00:00-05:00,18.51,18.22
t,2021-03-31 00:00:00-04:00,19.09,18.75
t,2021-04-30 00:00:00-04:00,19.85,19.63
t,2021-05-31 00:00:00-04:00,20.34,19.95
t,2021-06-30 00:00:00-04:00,18.96,18.77
t,2021-07-31 00:00:00-04:00,18.93,18.68
t,2021-08-31 00:00:00-04:00,18.6,18.41
t,2021-09-30 00:00:00-04:00,18.37,18.12
t,2021-10-31 00:00:00-04:00,17.85,17.56
t,2021-11-30 00:00:00-05:00,17.01,16.74
t,2021-12-31 00:00:00-05:00,16.35,15.98
t,2022-01-31 00:00:00-05:00,18.52,17.94
t,2022-02-28 00:00:00-05:00,17.02,16.68
t,2022-03-31 00:00:00-04:00,16.6,16.33
t,2022-04-30 00:00:00-04:00,18.06,17.62
t,2022-05-31 00:00:00-04:00,19.24,18.8
t,2022-06-30 00:00:00-04:00,19.52,19.08
t,2022-07-31 00:00:00-04:00,19.18,18.82
t,2022-08-31 00:00:00-04:00,17.5,17.26
t,2022-09-30 00:00:00-04:00,15.97,15.66
t,2022-10-31 00:00:00-04:00,15.96,15.55
t,2022-11-30 00:00:00-05:00,18.42,18.09
t,2022-12-31 00:00:00-05:00,18.31,17.98
t,2023-01-31 00:00:00-05:00,19.39,18.9
t,2023-02-28 00:00:00-05:00,19.25,18.93
t,2023-03-31 00:00:00-04:00,18.48,18.19
t,2023-04-30 00:00:00-04:00,19.11,18.74
t,2023-05-31 00:00:00-04:00,16.73,16.45
t,2023-06-30 00:00:00-04:00,15.87,15.55
tmus,2018-06-30 00:00:00-04:00,60.42,59.32
tmus,2018-07-31 00:00:00-04:00,60.64,59.66
tmus,2018-08-31 00:00:00-04:00,65.51,64.39
tmus,2018-09-30 00:00:00-04:00,68.2,67.11
tmus,2018-10-31 00:00:00-04:00,68.92,67.31
tmus,2018-11-30 00:00:00-05:00,69.07,67.73
tmus,2018-12-31 00:00:00-05:00,65.85,63.85
tmus,2019-01-31 00:00:00-05:00,68.13,66.56
tmus,2019-02-28 00:00:00-05:00,71.06,69.76
tmus,2019-03-31 00:00:00-04:00,72.41,71.27
tmus,2019-04-30 00:00:00-04:00,72.72,71.51
tmus,2019-05-31 00:00:00-04:00,75.89,74.18
tmus,2019-06-30 00:00:00-04:00,76.36,74.78
tmus,2019-07-31 00:00:00-04:00,79.25,77.65
tmus,2019-08-31 00:00:00-04:00,78.11,76.89
tmus,2019-09-30 00:00:00-04:00,79.73,78.53
tmus,2019-10-31 00:00:00-04:00,80.57,79.28
tmus,2019-11-30 00:00:00-05:00,79.91,78.48
tmus,2019-12-31 00:00:00-05:00,77.22,76.2
tmus,2020-01-31 00:00:00-05:00,80.87,79.73
tmus,2020-02-29 00:00:00-05:00,92.59,90.45
tmus,2020-03-31 00:00:00-04:00,85.06,79.42
tmus,2020-04-30 00:00:00-04:00,89.4,86.51
tmus,2020-05-31 00:00:00-04:00,96.28,93.16
tmus,2020-06-30 00:00:00-04:00,105.74,102.4
tmus,2020-07-31 00:00:00-04:00,106.42,104.67
tmus,2020-08-31 00:00:00-04:00,115.05,113.08
tmus,2020-09-30 00:00:00-04:00,114.58,111.57
tmus,2020-10-31 00:00:00-04:00,115.37,112.88
tmus,2020-11-30 00:00:00-05:00,126.36,123.23
tmus,2020-12-31 00:00:00-05:00,132.83,130.76
tmus,2021-01-31 00:00:00-05:00,131.99,128.47
tmus,2021-02-28 00:00:00-05:00,125.35,122.26
tmus,2021-03-31 00:00:00-04:00,126.3,122.83
tmus,2021-04-30 00:00:00-04:00,132.06,130.0
tmus,2021-05-31 00:00:00-04:00,138.41,135.44
tmus,2021-06-30 00:00:00-04:00,145.72,143.91
tmus,2021-07-31 00:00:00-04:00,147.06,144.78
tmus,2021-08-31 00:00:00-04:00,142.73,140.85
tmus,2021-09-30 00:00:00-04:00,131.57,128.94
tmus,2021-10-31 00:00:00-04:00,120.98,118.51
tmus,2021-11-30 00:00:00-05:00,118.72,116.16
tmus,2021-12-31 00:00:00-05:00,117.91,115.09
tmus,2022-01-31 00:00:00-05:00,110.42,107.08
tmus,2022-02-28 00:00:00-05:00,123.86,120.78
tmus,2022-03-31 00:00:00-04:00,126.46,123.94
tmus,2022-04-30 00:00:00-04:00,132.98,129.51
tmus,2022-05-31 00:00:00-04:00,129.27,125.72
tmus,2022-06-30 00:00:00-04:00,134.26,130.86
tmus,2022-07-31 00:00:00-04:00,137.84,134.52
tmus,2022-08-31 00:00:00-04:00,146.18,143.64
tmus,2022-09-30 00:00:00-04:00,140.92,137.83
tmus,2022-10-31 00:00:00-04:00,140.18,137.25
tmus,2022-11-30 00:00:00-05:00,150.74,147.71
tmus,2022-12-31 00:00:00-05:00,145.08,142.13
tmus,2023-01-31 00:00:00-05:00,147.53,144.74
tmus,2023-02-28 00:00:00-05:00,146.68,144.11
tmus,2023-03-31 00:00:00-04:00,143.91,141.82
tmus,2023-04-30 00:00:00-04:00,149.17,147.11
tmus,2023-05-31 00:00:00-04:00,141.96,139.56
tmus,2023-06-30 00:00:00-04:00,132.14,129.2
tsla,2018-06-30 00:00:00-04:00,23.85,22.83
tsla,2018-07-31 00:00:00-04:00,21.21,20.36
tsla,2018-08-31 00:00:00-04:00,22.51,21.55
tsla,2018-09-30 00:00:00-04:00,19.73,18.89
tsla,2018-10-31 00:00:00-04:00,19.54,18.45
tsla,2018-11-30 00:00:00-05:00,23.32,22.51
tsla,2018-12-31 00:00:00-05:00,23.52,22.41
tsla,2019-01-31 00:00:00-05:00,21.57,20.7
tsla,2019-02-28 00:00:00-05:00,20.78,20.17
tsla,2019-03-31 00:00:00-04:00,18.85,18.23
tsla,2019-04-30 00:00:00-04:00,18.05,17.49
tsla,2019-05-31 00:00:00-04:00,14.95,14.36
tsla,2019-06-30 00:00:00-04:00,14.54,13.97
tsla,2019-07-31 00:00:00-04:00,16.33,15.88
tsla,2019-08-31 00:00:00-04:00,15.27,14.78
tsla,2019-09-30 00:00:00-04:00,16.08,15.54
tsla,2019-10-31 00:00:00-04:00,18.0,17.38
tsla,2019-11-30 00:00:00-05:00,22.84,22.26
tsla,2019-12-31 00:00:00-05:00,25.45,24.73
tsla,2020-01-31 00:00:00-05:00,35.76,34.31
tsla,2020-02-29 00:00:00-05:00,55.38,51.1
tsla,2020-03-31 00:00:00-04:00,39.14,35.66
tsla,2020-04-30 00:00:00-04:00,45.77,42.74
tsla,2020-05-31 00:00:00-04:00,54.38,52.02
tsla,2020-06-30 00:00:00-04:00,65.39,62.58
tsla,2020-07-31 00:00:00-04:00,101.01,93.77
tsla,2020-08-31 00:00:00-04:00,122.45,115.45
tsla,2020-09-30 00:00:00-04:00,142.75,131.89
tsla,2020-10-31 00:00:00-04:00,145.61,140.41
tsla,2020-11-30 00:00:00-05:00,158.69,151.11
tsla,2020-12-31 00:00:00-05:00,215.94,205.15
tsla,2021-01-31 00:00:00-05:00,281.72,270.36
tsla,2021-02-28 00:00:00-05:00,270.79,258.04
tsla,2021-03-31 00:00:00-04:00,225.84,211.45
tsla,2021-04-30 00:00:00-04:00,241.25,231.73
tsla,2021-05-31 00:00:00-04:00,210.28,201.47
tsla,2021-06-30 00:00:00-04:00,212.43,205.69
tsla,2021-07-31 00:00:00-04:00,223.64,215.68
tsla,2021-08-31 00:00:00-04:00,238.18,231.89
tsla,2021-09-30 00:00:00-04:00,253.86,247.54
tsla,2021-10-31 00:00:00-04:00,296.91,287.25
tsla,2021-11-30 00:00:00-05:00,382.86,362.04
tsla,2021-12-31 00:00:00-05:00,348.25,330.89
tsla,2022-01-31 00:00:00-05:00,349.01,326.52
tsla,2022-02-28 00:00:00-05:00,301.29,284.9
tsla,2022-03-31 00:00:00-04:00,311.33,296.6
tsla,2022-04-30 00:00:00-04:00,344.04,325.97
tsla,2022-05-31 00:00:00-04:00,264.41,246.08
tsla,2022-06-30 00:00:00-04:00,241.54,228.35
tsla,2022-07-31 00:00:00-04:00,255.84,243.75
tsla,2022-08-31 00:00:00-04:00,301.85,290.24
tsla,2022-09-30 00:00:00-04:00,294.03,282.82
tsla,2022-10-31 00:00:00-04:00,229.79,217.48
tsla,2022-11-30 00:00:00-05:00,197.35,186.92
tsla,2022-12-31 00:00:00-05:00,158.92,150.16
tsla,2023-01-31 00:00:00-05:00,137.24,128.43
tsla,2023-02-28 00:00:00-05:00,204.23,193.33
tsla,2023-03-31 00:00:00-04:00,192.46,184.24
tsla,2023-04-30 00:00:00-04:00,180.47,173.53
tsla,2023-05-31 00:00:00-04:00,178.62,171.98
tsla,2023-06-30 00:00:00-04:00,233.26,224.48
tsm,2018-06-30 00:00:00-04:00,32.84,32.39
tsm,2018-07-31 00:00:00-04:00,34.84,34.31
tsm,2018-08-31 00:00:00-04:00,37.18,36.7
tsm,2018-09-30 00:00:00-04:00,39.72,39.09
tsm,2018-10-31 00:00:00-04:00,35.84,34.97
tsm,2018-11-30 00:00:00-05:00,33.81,33.24
tsm,2018-12-31 00:00:00-05:00,33.22,32.44
tsm,2019-01-31 00:00:00-05:00,32.65,31.97
tsm,2019-02-28 00:00:00-05:00,34.57,34.17
tsm,2019-03-31 00:00:00-04:00,35.51,35.06
tsm,2019-04-30 00:00:00-04:00,38.65,38.2
tsm,2019-05-31 00:00:00-04:00,36.85,36.23
tsm,2019-06-30 00:00:00-04:00,35.58,35.0
tsm,2019-07-31 00:00:00-04:00,39.03,38.51
tsm,2019-08-31 00:00:00-04:00,38.57,37.92
tsm,2019-09-30 00:00:00-04:00,41.29,40.65
tsm,2019-10-31 00:00:00-04:00,46.29,45.59
tsm,2019-11-30 00:00:00-05:00,49.58,49.02
tsm,2019-12-31 00:00:00-05:00,53.1,52.36
tsm,2020-01-31 00:00:00-05:00,54.64,53.66
tsm,2020-02-29 00:00:00-05:00,53.23,52.13
tsm,2020-03-31 00:00:00-04:00,47.86,45.81
tsm,2020-04-30 00:00:00-04:00,48.73,47.51
tsm,2020-05-31 00:00:00-04:00,49.07,47.95
tsm,2020-06-30 00:00:00-04:00,52.94,51.92
tsm,2020-07-31 00:00:00-04:00,65.88,63.86
tsm,2020-08-31 00:00:00-04:00,76.26,74.88
tsm,2020-09-30 00:00:00-04:00,77.53,75.39
tsm,2020-10-31 00:00:00-04:00,83.47,81.84
tsm,2020-11-30 00:00:00-05:00,90.23,88.12
tsm,2020-12-31 00:00:00-05:00,101.14,99.01
tsm,2021-01-31 00:00:00-05:00,121.42,116.63
tsm,2021-02-28 00:00:00-05:00,128.14,124.77
tsm,2021-03-31 00:00:00-04:00,114.88,111.0
tsm,2021-04-30 00:00:00-04:00,116.76,114.05
tsm,2021-05-31 00:00:00-04:00,110.32,107.93
tsm,2021-06-30 00:00:00-04:00,114.51,112.52
tsm,2021-07-31 00:00:00-04:00,115.06,112.7
tsm,2021-08-31 00:00:00-04:00,112.64,110.7
tsm,2021-09-30 00:00:00-04:00,115.9,114.18
tsm,2021-10-31 00:00:00-04:00,110.23,108.43
tsm,2021-11-30 00:00:00-05:00,116.53,113.77
tsm,2021-12-31 00:00:00-05:00,117.56,114.95
tsm,2022-01-31 00:00:00-05:00,126.99,122.35
tsm,2022-02-28 00:00:00-05:00,118.48,114.89
tsm,2022-03-31 00:00:00-04:00,104.36,101.46
tsm,2022-04-30 00:00:00-04:00,97.85,95.26
tsm,2022-05-31 00:00:00-04:00,90.38,88.0
tsm,2022-06-30 00:00:00-04:00,87.68,85.71
tsm,2022-07-31 00:00:00-04:00,82.67,80.52
tsm,2022-08-31 00:00:00-04:00,86.67,84.68
tsm,2022-09-30 00:00:00-04:00,76.94,75.35
tsm,2022-10-31 00:00:00-04:00,65.82,63.58
tsm,2022-11-30 00:00:00-05:00,73.85,71.9
tsm,2022-12-31 00:00:00-05:00,78.23,76.61
tsm,2023-01-31 00:00:00-05:00,87.17,84.81
tsm,2023-02-28 00:00:00-05:00,92.87,90.79
tsm,2023-03-31 00:00:00-04:00,91.01,88.99
tsm,2023-04-30 00:00:00-04:00,88.32,86.51
tsm,2023-05-31 00:00:00-04:00,90.11,88.23
tsm,2023-06-30 00:00:00-04:00,103.09,100.04
uber,2019-05-31 00:00:00-04:00,41.71,39.72
uber,2019-06-30 00:00:00-04:00,44.47,42.86
uber,2019-07-31 00:00:00-04:00,44.42,43.27
uber,2019-08-31 00:00:00-04:00,37.07,35.54
uber,2019-09-30 00:00:00-04:00,33.34,31.99
uber,2019-10-31 00:00:00-04:00,31.82,30.49
uber,2019-11-30 00:00:00-05:00,28.61,27.59
uber,2019-12-31 00:00:00-05:00,29.72,28.9
uber,2020-01-31 00:00:00-05:00,35.39,34.14
uber,2020-02-29 00:00:00-05:00,39.32,37.59
uber,2020-03-31 00:00:00-04:00,27.42,24.6
uber,2020-04-30 00:00:00-04:00,28.47,26.72
uber,2020-05-31 00:00:00-04:00,33.14,31.4
uber,2020-06-30 00:00:00-04:00,34.25,32.8
uber,2020-07-31 00:00:00-04:00,32.54,31.41
uber,2020-08-31 00:00:00-04:00,32.19,30.94
uber,2020-09-30 00:00:00-04:00,36.05,34.61
uber,2020-10-31 00:00:00-04:00,36.4,35.12
uber,2020-11-30 00:00:00-05:00,47.48,45.5
uber,2020-12-31 00:00:00-05:00,53.45,51.34
uber,2021-01-31 00:00:00-05:00,55.58,52.79
uber,2021-02-28 00:00:00-05:00,58.7,56.38
uber,2021-03-31 00:00:00-04:00,56.88,54.45
uber,2021-04-30 00:00:00-04:00,58.76,56.68
uber,2021-05-31 00:00:00-04:00,50.13,47.96
uber,2021-06-30 00:00:00-04:00,50.74,49.24
uber,2021-07-31 00:00:00-04:00,48.21,46.8
uber,2021-08-31 00:00:00-04:00,42.39,41.01
uber,2021-09-30 00:00:00-04:00,42.88,41.4
uber,2021-10-31 00:00:00-04:00,47.19,45.79
uber,2021-11-30 00:00:00-05:00,44.67,42.81
uber,2021-12-31 00:00:00-05:00,40.43,38.46
uber,2022-01-31 00:00:00-05:00,40.72,38.55
uber,2022-02-28 00:00:00-05:00,37.41,35.1
uber,2022-03-31 00:00:00-04:00,33.51,31.79
uber,2022-04-30 00:00:00-04:00,33.63,32.08
uber,2022-05-31 00:00:00-04:00,25.35,23.63
uber,2022-06-30 00:00:00-04:00,23.5,22.28
uber,2022-07-31 00:00:00-04:00,22.85,21.81
uber,2022-08-31 00:00:00-04:00,30.7,29.4
uber,2022-09-30 00:00:00-04:00,30.46,29.15
uber,2022-10-31 00:00:00-04:00,27.92,26.54
uber,2022-11-30 00:00:00-05:00,29.42,28.17
uber,2022-12-31 00:00:00-05:00,26.64,25.64
uber,2023-01-31 00:00:00-05:00,29.14,28.07
uber,2023-02-28 00:00:00-05:00,34.95,33.54
uber,2023-03-31 00:00:00-04:00,32.76,31.66
uber,2023-04-30 00:00:00-04:00,31.52,30.54
uber,2023-05-31 00:00:00-04:00,38.43,37.33
uber,2023-06-30 00:00:00-04:00,40.6,39.48
wday,2018-06-30 00:00:00-04:00,126.97,123.05
wday,2018-07-31 00:00:00-04:00,132.12,128.18
wday,2018-08-31 00:00:00-04:00,142.72,139.26
wday,2018-09-30 00:00:00-04:00,147.76,143.17
wday,2018-10-31 00:00:00-04:00,134.71,128.96
wday,2018-11-30 00:00:00-05:00,140.36,133.76
wday,2018-12-31 00:00:00-05:00,162.4,154.97
wday,2019-01-31 00:00:00-05:00,169.93,165.03
wday,2019-02-28 00:00:00-05:00,192.64,188.3
wday,2019-03-31 00:00:00-04:00,190.7,185.12
wday,2019-04-30 00:00:00-04:00,196.13,190.97
wday,2019-05-31 00:00:00-04:00,206.99,200.39
wday,2019-06-30 00:00:00-04:00,211.29,204.65
wday,2019-07-31 00:00:00-04:00,217.94,212.34
wday,2019-08-31 00:00:00-04:00,193.24,187.05
wday,2019-09-30 00:00:00-04:00,175.17,169.69
wday,2019-10-31 00:00:00-04:00,168.36,163.13
wday,2019-11-30 00:00:00-05:00,169.41,165.73
wday,2019-12-31 00:00:00-05:00,166.28,162.21
wday,2020-01-31 00:00:00-05:00,181.76,177.85
wday,2020-02-29 00:00:00-05:00,191.11,184.93
wday,2020-03-31 00:00:00-04:00,145.67,135.64
wday,2020-04-30 00:00:00-04:00,144.93,137.94
wday,2020-05-31 00:00:00-04:00,163.66,157.33
wday,2020-06-30 00:00:00-04:00,184.42,178.17
wday,2020-07-31 00:00:00-04:00,190.05,184.18
wday,2020-08-31 00:00:00-04:00,195.84,189.75
wday,2020-09-30 00:00:00-04:00,217.49,209.3
wday,2020-10-31 00:00:00-04:00,226.29,219.37
wday,2020-11-30 00:00:00-05:00,222.81,214.53
wday,2020-12-31 00:00:00-05:00,236.06,228.94
wday,2021-01-31 00:00:00-05:00,231.6,224.25
wday,2021-02-28 00:00:00-05:00,269.13,260.1
wday,2021-03-31 00:00:00-04:00,252.33,243.28
wday,2021-04-30 00:00:00-04:00,259.42,253.17
wday,2021-05-31 00:00:00-04:00,236.22,229.08
wday,2021-06-30 00:00:00-04:00,235.29,230.38
wday,2021-07-31 00:00:00-04:00,237.7,231.96
wday,2021-08-31 00:00:00-04:00,243.19,238.01
wday,2021-09-30 00:00:00-04:00,270.47,264.91
wday,2021-10-31 00:00:00-04:00,272.19,265.98
wday,2021-11-30 00:00:00-05:00,293.02,285.3
wday,2021-12-31 00:00:00-05:00,278.44,270.19
wday,2022-01-31 00:00:00-05:00,253.99,242.58
wday,2022-02-28 00:00:00-05:00,236.26,227.24
wday,2022-03-31 00:00:00-04:00,240.67,231.6
wday,2022-04-30 00:00:00-04:00,226.69,219.18
wday,2022-05-31 00:00:00-04:00,181.1,172.03
wday,2022-06-30 00:00:00-04:00,152.09,145.9
wday,2022-07-31 00:00:00-04:00,147.02,141.74
wday,2022-08-31 00:00:00-04:00,168.36,162.87
wday,2022-09-30 00:00:00-04:00,160.03,154.76
wday,2022-10-31 00:00:00-04:00,153.96,148.14
wday,2022-11-30 00:00:00-05:00,151.06,144.35
wday,2022-12-31 00:00:00-05:00,171.52,166.37
wday,2023-01-31 00:00:00-05:00,171.79,166.26
wday,2023-02-28 00:00:00-05:00,189.22,184.18
wday,2023-03-31 00:00:00-04:00,190.83,185.82
wday,2023-04-30 00:00:00-04:00,195.1,190.85
wday,2023-05-31 00:00:00-04:00,192.47,187.28
wday,2023-06-30 00:00:00-04:00,213.35,207.6
