Ticker,Date,Open,Close
aapl,2018-06-30 00:00:00-04:00,44.53,44.45
aapl,2018-07-31 00:00:00-04:00,45.44,45.47
aapl,2018-08-31 00:00:00-04:00,50.89,51.1
aapl,2018-09-30 00:00:00-04:00,53.31,53.24
aapl,2018-10-31 00:00:00-04:00,53.03,52.95
aapl,2018-11-30 00:00:00-05:00,46.11,45.97
aapl,2018-12-31 00:00:00-05:00,39.76,39.52
aapl,2019-01-31 00:00:00-05:00,36.96,37.09
aapl,2019-02-28 00:00:00-05:00,41.37,41.45
aapl,2019-03-31 00:00:00-04:00,44.27,44.29
aapl,2019-04-30 00:00:00-04:00,48.29,48.45
aapl,2019-05-31 00:00:00-04:00,46.25,46.33
aapl,2019-06-30 00:00:00-04:00,46.73,46.81
aapl,2019-07-31 00:00:00-04:00,49.74,49.78
aapl,2019-08-31 00:00:00-04:00,49.93,49.85
aapl,2019-09-30 00:00:00-04:00,53.01,53.08
aapl,2019-10-31 00:00:00-04:00,57.2,57.29
aapl,2019-11-30 00:00:00-05:00,63.87,64.07
aapl,2019-12-31 00:00:00-05:00,67.25,67.53
aapl,2020-01-31 00:00:00-05:00,75.99,76.17
aapl,2020-02-29 00:00:00-05:00,75.92,76.16
aapl,2020-03-31 00:00:00-04:00,63.91,64.24
aapl,2020-04-30 00:00:00-04:00,66.54,66.68
aapl,2020-05-31 00:00:00-04:00,75.77,76.04
aapl,2020-06-30 00:00:00-04:00,84.57,84.88
aapl,2020-07-31 00:00:00-04:00,93.68,93.83
aapl,2020-08-31 00:00:00-04:00,115.01,115.34
aapl,2020-09-30 00:00:00-04:00,114.17,113.23
aapl,2020-10-31 00:00:00-04:00,114.78,114.5
aapl,2020-11-30 00:00:00-05:00,114.99,115.07
aapl,2020-12-31 00:00:00-05:00,125.28,125.42
aapl,2021-01-31 00:00:00-05:00,131.14,131.08
aapl,2021-02-28 00:00:00-05:00,130.23,129.75
aapl,2021-03-31 00:00:00-04:00,120.47,120.26
aapl,2021-04-30 00:00:00-04:00,129.93,130.07
aapl,2021-05-31 00:00:00-04:00,125.52,125.27
aapl,2021-06-30 00:00:00-04:00,127.99,128.45
aapl,2021-07-31 00:00:00-04:00,142.9,143.46
aapl,2021-08-31 00:00:00-04:00,146.32,146.64
aapl,2021-09-30 00:00:00-04:00,147.5,146.81
aapl,2021-10-31 00:00:00-04:00,143.51,144.09
aapl,2021-11-30 00:00:00-05:00,152.23,152.88
aapl,2021-12-31 00:00:00-05:00,171.66,172.05
aapl,2022-01-31 00:00:00-05:00,168.73,168.39
aapl,2022-02-28 00:00:00-05:00,168.35,168.54
aapl,2022-03-31 00:00:00-04:00,163.59,164.09
aapl,2022-04-30 00:00:00-04:00,166.24,165.59
aapl,2022-05-31 00:00:00-04:00,147.4,147.5
aapl,2022-06-30 00:00:00-04:00,139.12,138.97
aapl,2022-07-31 00:00:00-04:00,147.56,148.78
aapl,2022-08-31 00:00:00-04:00,166.16,166.09
aapl,2022-09-30 00:00:00-04:00,152.59,152.31
aapl,2022-10-31 00:00:00-04:00,143.45,144.35
aapl,2022-11-30 00:00:00-05:00,145.6,145.39
aapl,2022-12-31 00:00:00-05:00,138.33,137.48
aapl,2023-01-31 00:00:00-05:00,134.73,135.38
aapl,2023-02-28 00:00:00-05:00,149.93,150.67
aapl,2023-03-31 00:00:00-04:00,154.24,154.75
aapl,2023-04-30 00:00:00-04:00,164.21,164.82
aapl,2023-05-31 00:00:00-04:00,172.41,172.53
aapl,2023-06-30 00:00:00-04:00,180.36,180.7
abnb,2020-12-31 00:00:00-05:00,148.51,147.63
abnb,2021-01-31 00:00:00-05:00,167.94,168.43
abnb,2021-02-28 00:00:00-05:00,198.31,197.92
abnb,2021-03-31 00:00:00-04:00,189.37,188.76
abnb,2021-04-30 00:00:00-04:00,178.69,177.57
abnb,2021-05-31 00:00:00-04:00,145.11,143.78
abnb,2021-06-30 00:00:00-04:00,148.7,149.07
abnb,2021-07-31 00:00:00-04:00,142.77,142.3
abnb,2021-08-31 00:00:00-04:00,148.77,150.02
abnb,2021-09-30 00:00:00-04:00,165.15,166.06
abnb,2021-10-31 00:00:00-04:00,170.01,169.69
abnb,2021-11-30 00:00:00-05:00,187.86,188.87
abnb,2021-12-31 00:00:00-05:00,169.63,170.04
abnb,2022-01-31 00:00:00-05:00,157.7,157.71
abnb,2022-02-28 00:00:00-05:00,163.32,164.05
abnb,2022-03-31 00:00:00-04:00,155.98,156.68
abnb,2022-04-30 00:00:00-04:00,164.4,163.42
abnb,2022-05-31 00:00:00-04:00,124.54,122.58
abnb,2022-06-30 00:00:00-04:00,106.8,106.01
abnb,2022-07-31 00:00:00-04:00,98.91,100.09
abnb,2022-08-31 00:00:00-04:00,116.17,116.89
abnb,2022-09-30 00:00:00-04:00,113.95,114.42
abnb,2022-10-31 00:00:00-04:00,112.76,112.96
abnb,2022-11-30 00:00:00-05:00,99.83,99.31
abnb,2022-12-31 00:00:00-05:00,91.06,90.73
abnb,2023-01-31 00:00:00-05:00,97.86,99.17
abnb,2023-02-28 00:00:00-05:00,121.89,122.41
abnb,2023-03-31 00:00:00-04:00,120.59,120.43
abnb,2023-04-30 00:00:00-04:00,115.8,115.76
abnb,2023-05-31 00:00:00-04:00,112.03,112.26
abnb,2023-06-30 00:00:00-04:00,116.79,118.07
adbe,2018-06-30 00:00:00-04:00,247.26,247.02
adbe,2018-07-31 00:00:00-04:00,252.89,252.83
adbe,2018-08-31 00:00:00-04:00,254.59,255.48
adbe,2018-09-30 00:00:00-04:00,266.16,266.22
adbe,2018-10-31 00:00:00-04:00,253.94,252.0
adbe,2018-11-30 00:00:00-05:00,238.38,238.45
adbe,2018-12-31 00:00:00-05:00,233.4,231.84
adbe,2019-01-31 00:00:00-05:00,237.04,237.95
adbe,2019-02-28 00:00:00-05:00,257.18,257.86
adbe,2019-03-31 00:00:00-04:00,261.0,261.04
adbe,2019-04-30 00:00:00-04:00,273.49,273.73
adbe,2019-05-31 00:00:00-04:00,276.72,277.34
adbe,2019-06-30 00:00:00-04:00,283.17,282.34
adbe,2019-07-31 00:00:00-04:00,306.27,306.38
adbe,2019-08-31 00:00:00-04:00,289.07,288.31
adbe,2019-09-30 00:00:00-04:00,280.66,280.04
adbe,2019-10-31 00:00:00-04:00,272.05,272.07
adbe,2019-11-30 00:00:00-05:00,295.03,295.53
adbe,2019-12-31 00:00:00-05:00,316.94,317.25
adbe,2020-01-31 00:00:00-05:00,344.0,344.95
adbe,2020-02-29 00:00:00-05:00,365.12,365.53
adbe,2020-03-31 00:00:00-04:00,316.57,318.99
adbe,2020-04-30 00:00:00-04:00,329.93,329.45
adbe,2020-05-31 00:00:00-04:00,367.44,368.56
adbe,2020-06-30 00:00:00-04:00,410.25,411.54
adbe,2020-07-31 00:00:00-04:00,442.54,442.41
adbe,2020-08-31 00:00:00-04:00,466.14,468.46
adbe,2020-09-30 00:00:00-04:00,488.61,485.75
adbe,2020-10-31 00:00:00-04:00,490.57,488.29
adbe,2020-11-30 00:00:00-05:00,469.81,468.33
adbe,2020-12-31 00:00:00-05:00,491.34,491.36
adbe,2021-01-31 00:00:00-05:00,472.72,470.75
adbe,2021-02-28 00:00:00-05:00,482.85,483.54
adbe,2021-03-31 00:00:00-04:00,452.14,451.37
adbe,2021-04-30 00:00:00-04:00,507.62,508.68
adbe,2021-05-31 00:00:00-04:00,490.84,489.34
adbe,2021-06-30 00:00:00-04:00,543.2,545.71
adbe,2021-07-31 00:00:00-04:00,607.29,609.2
adbe,2021-08-31 00:00:00-04:00,638.32,639.68
adbe,2021-09-30 00:00:00-04:00,642.65,638.85
adbe,2021-10-31 00:00:00-04:00,607.18,608.76
adbe,2021-11-30 00:00:00-05:00,664.35,663.91
adbe,2021-12-31 00:00:00-05:00,606.1,603.59
adbe,2022-01-31 00:00:00-05:00,519.24,519.63
adbe,2022-02-28 00:00:00-05:00,486.39,484.16
adbe,2022-03-31 00:00:00-04:00,445.62,445.07
adbe,2022-04-30 00:00:00-04:00,431.93,428.74
adbe,2022-05-31 00:00:00-04:00,400.7,401.8
adbe,2022-06-30 00:00:00-04:00,391.34,391.45
adbe,2022-07-31 00:00:00-04:00,385.38,387.28
adbe,2022-08-31 00:00:00-04:00,419.99,418.53
adbe,2022-09-30 00:00:00-04:00,326.99,325.92
adbe,2022-10-31 00:00:00-04:00,299.64,301.07
adbe,2022-11-30 00:00:00-05:00,322.76,322.72
adbe,2022-12-31 00:00:00-05:00,336.43,335.69
adbe,2023-01-31 00:00:00-05:00,347.97,349.57
adbe,2023-02-28 00:00:00-05:00,363.53,363.15
adbe,2023-03-31 00:00:00-04:00,353.12,354.11
adbe,2023-04-30 00:00:00-04:00,376.45,376.62
adbe,2023-05-31 00:00:00-04:00,363.49,364.08
adbe,2023-06-30 00:00:00-04:00,442.1,443.91
adi,2018-06-30 00:00:00-04:00,90.35,90.03
adi,2018-07-31 00:00:00-04:00,88.41,88.36
adi,2018-08-31 00:00:00-04:00,87.8,88.16
adi,2018-09-30 00:00:00-04:00,85.62,85.58
adi,2018-10-31 00:00:00-04:00,77.57,77.3
adi,2018-11-30 00:00:00-05:00,80.3,80.72
adi,2018-12-31 00:00:00-05:00,79.91,79.6
adi,2019-01-31 00:00:00-05:00,81.84,82.57
adi,2019-02-28 00:00:00-05:00,95.16,95.46
adi,2019-03-31 00:00:00-04:00,99.3,99.15
adi,2019-04-30 00:00:00-04:00,103.79,104.14
adi,2019-05-31 00:00:00-04:00,97.43,97.32
adi,2019-06-30 00:00:00-04:00,98.92,99.07
adi,2019-07-31 00:00:00-04:00,108.33,108.3
adi,2019-08-31 00:00:00-04:00,101.96,101.73
adi,2019-09-30 00:00:00-04:00,105.91,105.75
adi,2019-10-31 00:00:00-04:00,102.37,101.87
adi,2019-11-30 00:00:00-05:00,104.5,104.65
adi,2019-12-31 00:00:00-05:00,109.4,109.49
adi,2020-01-31 00:00:00-05:00,110.57,110.2
adi,2020-02-29 00:00:00-05:00,108.91,108.83
adi,2020-03-31 00:00:00-04:00,89.82,90.02
adi,2020-04-30 00:00:00-04:00,93.84,94.39
adi,2020-05-31 00:00:00-04:00,102.2,101.94
adi,2020-06-30 00:00:00-04:00,114.21,114.17
adi,2020-07-31 00:00:00-04:00,111.86,111.72
adi,2020-08-31 00:00:00-04:00,111.6,111.53
adi,2020-09-30 00:00:00-04:00,110.01,109.99
adi,2020-10-31 00:00:00-04:00,115.37,115.23
adi,2020-11-30 00:00:00-05:00,127.04,127.23
adi,2020-12-31 00:00:00-05:00,136.92,137.02
adi,2021-01-31 00:00:00-05:00,147.94,147.83
adi,2021-02-28 00:00:00-05:00,148.75,149.03
adi,2021-03-31 00:00:00-04:00,145.57,145.35
adi,2021-04-30 00:00:00-04:00,152.71,152.63
adi,2021-05-31 00:00:00-04:00,148.49,148.81
adi,2021-06-30 00:00:00-04:00,160.12,160.33
adi,2021-07-31 00:00:00-04:00,159.12,159.07
adi,2021-08-31 00:00:00-04:00,162.75,162.38
adi,2021-09-30 00:00:00-04:00,164.41,164.7
adi,2021-10-31 00:00:00-04:00,165.75,165.85
adi,2021-11-30 00:00:00-05:00,177.11,177.25
adi,2021-12-31 00:00:00-05:00,172.92,172.39
adi,2022-01-31 00:00:00-05:00,162.34,161.84
adi,2022-02-28 00:00:00-05:00,157.02,157.2
adi,2022-03-31 00:00:00-04:00,154.76,154.86
adi,2022-04-30 00:00:00-04:00,155.15,154.92
adi,2022-05-31 00:00:00-04:00,155.73,156.27
adi,2022-06-30 00:00:00-04:00,151.77,151.05
adi,2022-07-31 00:00:00-04:00,152.12,153.52
adi,2022-08-31 00:00:00-04:00,166.34,166.19
adi,2022-09-30 00:00:00-04:00,145.67,145.56
adi,2022-10-31 00:00:00-04:00,141.42,141.46
adi,2022-11-30 00:00:00-05:00,155.31,155.72
adi,2022-12-31 00:00:00-05:00,165.51,165.36
adi,2023-01-31 00:00:00-05:00,165.45,165.8
adi,2023-02-28 00:00:00-05:00,181.29,181.51
adi,2023-03-31 00:00:00-04:00,185.38,185.59
adi,2023-04-30 00:00:00-04:00,186.97,186.55
adi,2023-05-31 00:00:00-04:00,180.69,181.6
adi,2023-06-30 00:00:00-04:00,181.2,181.87
aph,2018-06-30 00:00:00-04:00,42.41,42.32
aph,2018-07-31 00:00:00-04:00,42.55,42.72
aph,2018-08-31 00:00:00-04:00,44.83,44.83
aph,2018-09-30 00:00:00-04:00,45.5,45.48
aph,2018-10-31 00:00:00-04:00,41.85,41.66
aph,2018-11-30 00:00:00-05:00,42.02,41.98
aph,2018-12-31 00:00:00-05:00,39.45,39.28
aph,2019-01-31 00:00:00-05:00,39.16,39.35
aph,2019-02-28 00:00:00-05:00,43.82,43.98
aph,2019-03-31 00:00:00-04:00,45.4,45.32
aph,2019-04-30 00:00:00-04:00,48.67,48.98
aph,2019-05-31 00:00:00-04:00,44.65,44.56
aph,2019-06-30 00:00:00-04:00,45.13,45.17
aph,2019-07-31 00:00:00-04:00,46.6,46.6
aph,2019-08-31 00:00:00-04:00,42.01,41.87
aph,2019-09-30 00:00:00-04:00,44.55,44.7
aph,2019-10-31 00:00:00-04:00,47.25,47.28
aph,2019-11-30 00:00:00-05:00,49.48,49.55
aph,2019-12-31 00:00:00-05:00,51.27,51.24
aph,2020-01-31 00:00:00-05:00,51.74,51.65
aph,2020-02-29 00:00:00-05:00,48.88,48.78
aph,2020-03-31 00:00:00-04:00,38.43,38.6
aph,2020-04-30 00:00:00-04:00,38.99,39.14
aph,2020-05-31 00:00:00-04:00,42.84,42.9
aph,2020-06-30 00:00:00-04:00,47.92,47.75
aph,2020-07-31 00:00:00-04:00,48.78,48.85
aph,2020-08-31 00:00:00-04:00,52.79,52.96
aph,2020-09-30 00:00:00-04:00,52.37,52.21
aph,2020-10-31 00:00:00-04:00,55.38,55.45
aph,2020-11-30 00:00:00-05:00,60.41,60.6
aph,2020-12-31 00:00:00-05:00,64.01,63.91
aph,2021-01-31 00:00:00-05:00,64.69,64.49
aph,2021-02-28 00:00:00-05:00,63.65,63.59
aph,2021-03-31 00:00:00-04:00,62.61,62.66
aph,2021-04-30 00:00:00-04:00,66.61,66.59
aph,2021-05-31 00:00:00-04:00,65.2,65.15
aph,2021-06-30 00:00:00-04:00,66.71,66.66
aph,2021-07-31 00:00:00-04:00,68.5,68.65
aph,2021-08-31 00:00:00-04:00,73.0,73.17
aph,2021-09-30 00:00:00-04:00,74.61,74.46
aph,2021-10-31 00:00:00-04:00,75.04,75.19
aph,2021-11-30 00:00:00-05:00,80.84,81.04
aph,2021-12-31 00:00:00-05:00,82.56,82.66
aph,2022-01-31 00:00:00-05:00,79.78,79.44
aph,2022-02-28 00:00:00-05:00,75.98,75.99
aph,2022-03-31 00:00:00-04:00,74.25,74.08
aph,2022-04-30 00:00:00-04:00,71.51,71.27
aph,2022-05-31 00:00:00-04:00,69.15,69.14
aph,2022-06-30 00:00:00-04:00,66.17,66.03
aph,2022-07-31 00:00:00-04:00,66.78,67.29
aph,2022-08-31 00:00:00-04:00,76.85,76.82
aph,2022-09-30 00:00:00-04:00,71.6,71.43
aph,2022-10-31 00:00:00-04:00,70.31,70.56
aph,2022-11-30 00:00:00-05:00,77.51,77.57
aph,2022-12-31 00:00:00-05:00,77.87,77.75
aph,2023-01-31 00:00:00-05:00,78.35,78.66
aph,2023-02-28 00:00:00-05:00,79.61,79.72
aph,2023-03-31 00:00:00-04:00,78.09,78.14
aph,2023-04-30 00:00:00-04:00,77.62,77.5
aph,2023-05-31 00:00:00-04:00,75.45,75.35
aph,2023-06-30 00:00:00-04:00,77.85,78.21
crm,2018-06-30 00:00:00-04:00,136.87,136.78
crm,2018-07-31 00:00:00-04:00,144.32,144.27
crm,2018-08-31 00:00:00-04:00,146.15,146.63
crm,2018-09-30 00:00:00-04:00,154.73,155.08
crm,2018-10-31 00:00:00-04:00,145.64,144.37
crm,2018-11-30 00:00:00-05:00,133.01,132.75
crm,2018-12-31 00:00:00-05:00,134.97,134.62
crm,2019-01-31 00:00:00-05:00,145.47,146.07
crm,2019-02-28 00:00:00-05:00,159.2,159.74
crm,2019-03-31 00:00:00-04:00,160.02,159.63
crm,2019-04-30 00:00:00-04:00,160.44,160.38
crm,2019-05-31 00:00:00-04:00,156.71,156.91
crm,2019-06-30 00:00:00-04:00,153.19,152.65
crm,2019-07-31 00:00:00-04:00,156.88,156.76
crm,2019-08-31 00:00:00-04:00,147.25,146.83
crm,2019-09-30 00:00:00-04:00,152.8,152.36
crm,2019-10-31 00:00:00-04:00,148.19,148.66
crm,2019-11-30 00:00:00-05:00,161.74,161.69
crm,2019-12-31 00:00:00-05:00,160.65,160.94
crm,2020-01-31 00:00:00-05:00,178.94,179.96
crm,2020-02-29 00:00:00-05:00,185.81,185.97
crm,2020-03-31 00:00:00-04:00,150.54,150.8
crm,2020-04-30 00:00:00-04:00,152.05,152.1
crm,2020-05-31 00:00:00-04:00,172.07,172.32
crm,2020-06-30 00:00:00-04:00,179.92,180.67
crm,2020-07-31 00:00:00-04:00,192.29,192.39
crm,2020-08-31 00:00:00-04:00,213.5,215.54
crm,2020-09-30 00:00:00-04:00,251.0,250.05
crm,2020-10-31 00:00:00-04:00,254.6,253.03
crm,2020-11-30 00:00:00-05:00,253.43,252.27
crm,2020-12-31 00:00:00-05:00,226.21,225.08
crm,2021-01-31 00:00:00-05:00,221.21,220.83
crm,2021-02-28 00:00:00-05:00,238.7,238.04
crm,2021-03-31 00:00:00-04:00,212.13,211.37
crm,2021-04-30 00:00:00-04:00,228.72,229.31
crm,2021-05-31 00:00:00-04:00,220.94,220.29
crm,2021-06-30 00:00:00-04:00,240.48,240.84
crm,2021-07-31 00:00:00-04:00,244.44,244.07
crm,2021-08-31 00:00:00-04:00,252.59,252.93
crm,2021-09-30 00:00:00-04:00,264.64,264.92
crm,2021-10-31 00:00:00-04:00,284.8,285.61
crm,2021-11-30 00:00:00-05:00,301.49,301.0
crm,2021-12-31 00:00:00-05:00,258.32,257.47
crm,2022-01-31 00:00:00-05:00,228.69,228.09
crm,2022-02-28 00:00:00-05:00,211.3,211.0
crm,2022-03-31 00:00:00-04:00,208.24,207.5
crm,2022-04-30 00:00:00-04:00,192.13,190.45
crm,2022-05-31 00:00:00-04:00,165.28,165.14
crm,2022-06-30 00:00:00-04:00,175.08,175.14
crm,2022-07-31 00:00:00-04:00,173.08,174.16
crm,2022-08-31 00:00:00-04:00,181.25,181.02
crm,2022-09-30 00:00:00-04:00,152.48,152.64
crm,2022-10-31 00:00:00-04:00,153.01,153.67
crm,2022-11-30 00:00:00-05:00,151.71,151.55
crm,2022-12-31 00:00:00-05:00,132.44,132.54
crm,2023-01-31 00:00:00-05:00,149.08,150.53
crm,2023-02-28 00:00:00-05:00,167.29,167.98
crm,2023-03-31 00:00:00-04:00,185.24,185.67
crm,2023-04-30 00:00:00-04:00,194.78,194.91
crm,2023-05-31 00:00:00-04:00,204.72,205.36
crm,2023-06-30 00:00:00-04:00,211.42,211.32
csco,2018-06-30 00:00:00-04:00,37.27,37.26
csco,2018-07-31 00:00:00-04:00,36.87,36.84
csco,2018-08-31 00:00:00-04:00,38.81,38.96
csco,2018-09-30 00:00:00-04:00,41.22,41.28
csco,2018-10-31 00:00:00-04:00,40.35,40.17
csco,2018-11-30 00:00:00-05:00,40.26,40.25
csco,2018-12-31 00:00:00-05:00,39.43,39.15
csco,2019-01-31 00:00:00-05:00,38.81,38.98
csco,2019-02-28 00:00:00-05:00,42.77,42.93
csco,2019-03-31 00:00:00-04:00,46.15,46.19
csco,2019-04-30 00:00:00-04:00,49.36,49.44
csco,2019-05-31 00:00:00-04:00,47.85,47.87
csco,2019-06-30 00:00:00-04:00,49.29,49.23
csco,2019-07-31 00:00:00-04:00,50.61,50.58
csco,2019-08-31 00:00:00-04:00,44.49,44.23
csco,2019-09-30 00:00:00-04:00,43.69,43.68
csco,2019-10-31 00:00:00-04:00,42.21,42.09
csco,2019-11-30 00:00:00-05:00,41.67,41.67
csco,2019-12-31 00:00:00-05:00,41.22,41.2
csco,2020-01-31 00:00:00-05:00,43.33,43.29
csco,2020-02-29 00:00:00-05:00,41.77,41.66
csco,2020-03-31 00:00:00-04:00,34.06,34.38
csco,2020-04-30 00:00:00-04:00,37.88,37.85
csco,2020-05-31 00:00:00-04:00,39.84,39.88
csco,2020-06-30 00:00:00-04:00,42.22,42.11
csco,2020-07-31 00:00:00-04:00,42.69,42.7
csco,2020-08-31 00:00:00-04:00,40.63,40.67
csco,2020-09-30 00:00:00-04:00,36.72,36.67
csco,2020-10-31 00:00:00-04:00,35.95,35.86
csco,2020-11-30 00:00:00-05:00,37.12,37.13
csco,2020-12-31 00:00:00-05:00,41.14,41.28
csco,2021-01-31 00:00:00-05:00,41.97,42.11
csco,2021-02-28 00:00:00-05:00,43.37,43.49
csco,2021-03-31 00:00:00-04:00,45.47,45.7
csco,2021-04-30 00:00:00-04:00,48.78,48.76
csco,2021-05-31 00:00:00-04:00,49.33,49.48
csco,2021-06-30 00:00:00-04:00,50.35,50.31
csco,2021-07-31 00:00:00-04:00,51.16,51.21
csco,2021-08-31 00:00:00-04:00,53.91,54.1
csco,2021-09-30 00:00:00-04:00,54.48,54.26
csco,2021-10-31 00:00:00-04:00,52.71,52.72
csco,2021-11-30 00:00:00-05:00,53.5,53.64
csco,2021-12-31 00:00:00-05:00,56.83,57.13
csco,2022-01-31 00:00:00-05:00,56.87,56.81
csco,2022-02-28 00:00:00-05:00,52.97,53.04
csco,2022-03-31 00:00:00-04:00,53.3,53.25
csco,2022-04-30 00:00:00-04:00,50.97,50.71
csco,2022-05-31 00:00:00-04:00,45.78,45.8
csco,2022-06-30 00:00:00-04:00,42.58,42.53
csco,2022-07-31 00:00:00-04:00,42.3,42.5
csco,2022-08-31 00:00:00-04:00,45.29,45.13
csco,2022-09-30 00:00:00-04:00,42.19,41.99
csco,2022-10-31 00:00:00-04:00,41.29,41.42
csco,2022-11-30 00:00:00-05:00,45.48,45.45
csco,2022-12-31 00:00:00-05:00,47.68,47.56
csco,2023-01-31 00:00:00-05:00,47.61,47.64
csco,2023-02-28 00:00:00-05:00,48.25,48.19
csco,2023-03-31 00:00:00-04:00,49.32,49.41
csco,2023-04-30 00:00:00-04:00,49.45,49.33
csco,2023-05-31 00:00:00-04:00,47.43,47.64
csco,2023-06-30 00:00:00-04:00,49.93,50.02
goog,2018-06-30 00:00:00-04:00,57.16,57.11
goog,2018-07-31 00:00:00-04:00,59.17,59.38
goog,2018-08-31 00:00:00-04:00,61.31,61.28
goog,2018-09-30 00:00:00-04:00,58.84,58.79
goog,2018-10-31 00:00:00-04:00,55.8,55.55
goog,2018-11-30 00:00:00-05:00,52.75,52.81
goog,2018-12-31 00:00:00-05:00,52.13,51.87
goog,2019-01-31 00:00:00-05:00,53.47,53.61
goog,2019-02-28 00:00:00-05:00,55.63,55.71
goog,2019-03-31 00:00:00-04:00,58.85,58.96
goog,2019-04-30 00:00:00-04:00,61.16,61.31
goog,2019-05-31 00:00:00-04:00,57.52,57.54
goog,2019-06-30 00:00:00-04:00,54.2,54.06
goog,2019-07-31 00:00:00-04:00,57.47,57.6
goog,2019-08-31 00:00:00-04:00,59.07,59.03
goog,2019-09-30 00:00:00-04:00,60.88,61.04
goog,2019-10-31 00:00:00-04:00,61.54,61.64
goog,2019-11-30 00:00:00-05:00,65.12,65.21
goog,2019-12-31 00:00:00-05:00,67.04,67.04
goog,2020-01-31 00:00:00-05:00,71.63,71.83
goog,2020-02-29 00:00:00-05:00,73.14,73.21
goog,2020-03-31 00:00:00-04:00,59.17,59.42
goog,2020-04-30 00:00:00-04:00,61.75,61.71
goog,2020-05-31 00:00:00-04:00,68.86,69.06
goog,2020-06-30 00:00:00-04:00,71.5,71.55
goog,2020-07-31 00:00:00-04:00,75.45,75.68
goog,2020-08-31 00:00:00-04:00,76.97,77.3
goog,2020-09-30 00:00:00-04:00,76.33,75.93
goog,2020-10-31 00:00:00-04:00,77.28,77.34
goog,2020-11-30 00:00:00-05:00,87.27,87.42
goog,2020-12-31 00:00:00-05:00,88.59,88.61
goog,2021-01-31 00:00:00-05:00,90.11,90.42
goog,2021-02-28 00:00:00-05:00,103.01,103.42
goog,2021-03-31 00:00:00-04:00,103.06,102.99
goog,2021-04-30 00:00:00-04:00,114.18,114.49
goog,2021-05-31 00:00:00-04:00,117.59,117.63
goog,2021-06-30 00:00:00-04:00,124.91,125.07
goog,2021-07-31 00:00:00-04:00,132.1,132.34
goog,2021-08-31 00:00:00-04:00,138.82,139.32
goog,2021-09-30 00:00:00-04:00,142.39,141.88
goog,2021-10-31 00:00:00-04:00,139.97,140.45
goog,2021-11-30 00:00:00-05:00,147.88,147.43
goog,2021-12-31 00:00:00-05:00,145.61,145.65
goog,2022-01-31 00:00:00-05:00,136.37,136.04
goog,2022-02-28 00:00:00-05:00,137.32,136.58
goog,2022-03-31 00:00:00-04:00,135.33,135.36
goog,2022-04-30 00:00:00-04:00,129.66,128.61
goog,2022-05-31 00:00:00-04:00,113.17,113.53
goog,2022-06-30 00:00:00-04:00,112.7,112.83
goog,2022-07-31 00:00:00-04:00,112.68,113.33
goog,2022-08-31 00:00:00-04:00,117.23,117.11
goog,2022-09-30 00:00:00-04:00,104.32,104.11
goog,2022-10-31 00:00:00-04:00,99.15,99.46
goog,2022-11-30 00:00:00-05:00,94.13,94.11
goog,2022-12-31 00:00:00-05:00,93.1,92.73
goog,2023-01-31 00:00:00-05:00,93.45,94.02
goog,2023-02-28 00:00:00-05:00,96.68,96.81
goog,2023-03-31 00:00:00-04:00,97.94,98.56
goog,2023-04-30 00:00:00-04:00,105.99,106.35
goog,2023-05-31 00:00:00-04:00,116.27,116.75
goog,2023-06-30 00:00:00-04:00,124.55,124.6
ibm,2018-06-30 00:00:00-04:00,106.33,106.0
ibm,2018-07-31 00:00:00-04:00,108.32,108.36
ibm,2018-08-31 00:00:00-04:00,109.71,109.81
ibm,2018-09-30 00:00:00-04:00,112.37,112.36
ibm,2018-10-31 00:00:00-04:00,104.3,103.58
ibm,2018-11-30 00:00:00-05:00,91.83,92.19
ibm,2018-12-31 00:00:00-05:00,90.21,89.8
ibm,2019-01-31 00:00:00-05:00,95.02,95.47
ibm,2019-02-28 00:00:00-05:00,105.72,105.85
ibm,2019-03-31 00:00:00-04:00,107.73,107.67
ibm,2019-04-30 00:00:00-04:00,109.75,109.93
ibm,2019-05-31 00:00:00-04:00,105.46,105.4
ibm,2019-06-30 00:00:00-04:00,106.28,106.43
ibm,2019-07-31 00:00:00-04:00,113.74,114.01
ibm,2019-08-31 00:00:00-04:00,108.1,107.61
ibm,2019-09-30 00:00:00-04:00,112.57,112.76
ibm,2019-10-31 00:00:00-04:00,109.76,109.68
ibm,2019-11-30 00:00:00-05:00,108.53,108.5
ibm,2019-12-31 00:00:00-05:00,107.76,107.6
ibm,2020-01-31 00:00:00-05:00,110.52,110.71
ibm,2020-02-29 00:00:00-05:00,120.58,120.35
ibm,2020-03-31 00:00:00-04:00,91.22,91.54
ibm,2020-04-30 00:00:00-04:00,96.33,96.62
ibm,2020-05-31 00:00:00-04:00,99.63,99.38
ibm,2020-06-30 00:00:00-04:00,102.35,102.02
ibm,2020-07-31 00:00:00-04:00,100.92,100.76
ibm,2020-08-31 00:00:00-04:00,103.89,103.86
ibm,2020-09-30 00:00:00-04:00,101.67,101.61
ibm,2020-10-31 00:00:00-04:00,100.18,99.89
ibm,2020-11-30 00:00:00-05:00,98.89,99.1
ibm,2020-12-31 00:00:00-05:00,105.45,105.49
ibm,2021-01-31 00:00:00-05:00,106.39,106.36
ibm,2021-02-28 00:00:00-05:00,103.08,103.13
ibm,2021-03-31 00:00:00-04:00,109.34,109.77
ibm,2021-04-30 00:00:00-04:00,117.48,117.66
ibm,2021-05-31 00:00:00-04:00,124.73,124.88
ibm,2021-06-30 00:00:00-04:00,127.35,127.37
ibm,2021-07-31 00:00:00-04:00,122.4,122.05
ibm,2021-08-31 00:00:00-04:00,123.3,123.33
ibm,2021-09-30 00:00:00-04:00,120.54,120.3
ibm,2021-10-31 00:00:00-04:00,120.45,120.26
ibm,2021-11-30 00:00:00-05:00,110.36,110.19
ibm,2021-12-31 00:00:00-05:00,116.29,116.88
ibm,2022-01-31 00:00:00-05:00,124.03,124.3
ibm,2022-02-28 00:00:00-05:00,122.33,122.05
ibm,2022-03-31 00:00:00-04:00,119.52,119.67
ibm,2022-04-30 00:00:00-04:00,123.73,123.58
ibm,2022-05-31 00:00:00-04:00,126.79,127.18
ibm,2022-06-30 00:00:00-04:00,132.12,132.34
ibm,2022-07-31 00:00:00-04:00,128.15,128.11
ibm,2022-08-31 00:00:00-04:00,127.87,127.86
ibm,2022-09-30 00:00:00-04:00,121.43,121.16
ibm,2022-10-31 00:00:00-04:00,120.84,121.36
ibm,2022-11-30 00:00:00-05:00,138.63,139.14
ibm,2022-12-31 00:00:00-05:00,141.18,140.91
ibm,2023-01-31 00:00:00-05:00,137.76,137.63
ibm,2023-02-28 00:00:00-05:00,131.9,131.86
ibm,2023-03-31 00:00:00-04:00,125.33,125.28
ibm,2023-04-30 00:00:00-04:00,126.8,126.53
ibm,2023-05-31 00:00:00-04:00,124.59,124.65
ibm,2023-06-30 00:00:00-04:00,133.16,133.96
infy,2018-06-30 00:00:00-04:00,8.21,8.23
infy,2018-07-31 00:00:00-04:00,8.75,8.8
infy,2018-08-31 00:00:00-04:00,9.12,9.14
infy,2018-09-30 00:00:00-04:00,9.09,9.08
infy,2018-10-31 00:00:00-04:00,8.59,8.59
infy,2018-11-30 00:00:00-05:00,8.39,8.4
infy,2018-12-31 00:00:00-05:00,8.6,8.56
infy,2019-01-31 00:00:00-05:00,9.16,9.2
infy,2019-02-28 00:00:00-05:00,9.67,9.69
infy,2019-03-31 00:00:00-04:00,9.67,9.67
infy,2019-04-30 00:00:00-04:00,9.74,9.72
infy,2019-05-31 00:00:00-04:00,9.32,9.3
infy,2019-06-30 00:00:00-04:00,9.67,9.67
infy,2019-07-31 00:00:00-04:00,10.2,10.19
infy,2019-08-31 00:00:00-04:00,10.16,10.17
infy,2019-09-30 00:00:00-04:00,10.5,10.5
infy,2019-10-31 00:00:00-04:00,9.41,9.41
infy,2019-11-30 00:00:00-05:00,9.04,9.04
infy,2019-12-31 00:00:00-05:00,9.32,9.33
infy,2020-01-31 00:00:00-05:00,9.92,9.93
infy,2020-02-29 00:00:00-05:00,10.18,10.18
infy,2020-03-31 00:00:00-04:00,7.93,7.92
infy,2020-04-30 00:00:00-04:00,7.83,7.85
infy,2020-05-31 00:00:00-04:00,8.33,8.3
infy,2020-06-30 00:00:00-04:00,8.71,8.71
infy,2020-07-31 00:00:00-04:00,10.78,10.83
infy,2020-08-31 00:00:00-04:00,11.95,11.95
infy,2020-09-30 00:00:00-04:00,12.35,12.36
infy,2020-10-31 00:00:00-04:00,13.97,13.98
infy,2020-11-30 00:00:00-05:00,14.17,14.18
infy,2020-12-31 00:00:00-05:00,15.18,15.18
infy,2021-01-31 00:00:00-05:00,17.06,17.03
infy,2021-02-28 00:00:00-05:00,16.68,16.7
infy,2021-03-31 00:00:00-04:00,17.62,17.63
infy,2021-04-30 00:00:00-04:00,17.5,17.49
infy,2021-05-31 00:00:00-04:00,17.49,17.51
infy,2021-06-30 00:00:00-04:00,19.38,19.41
infy,2021-07-31 00:00:00-04:00,20.35,20.38
infy,2021-08-31 00:00:00-04:00,22.29,22.34
infy,2021-09-30 00:00:00-04:00,22.2,22.12
infy,2021-10-31 00:00:00-04:00,21.86,21.83
infy,2021-11-30 00:00:00-05:00,22.28,22.26
infy,2021-12-31 00:00:00-05:00,22.95,23.02
infy,2022-01-31 00:00:00-05:00,23.42,23.32
infy,2022-02-28 00:00:00-05:00,21.94,22.0
infy,2022-03-31 00:00:00-04:00,23.1,23.22
infy,2022-04-30 00:00:00-04:00,21.18,21.04
infy,2022-05-31 00:00:00-04:00,18.64,18.65
infy,2022-06-30 00:00:00-04:00,18.15,18.19
infy,2022-07-31 00:00:00-04:00,18.14,18.22
infy,2022-08-31 00:00:00-04:00,19.19,19.17
infy,2022-09-30 00:00:00-04:00,17.24,17.23
infy,2022-10-31 00:00:00-04:00,17.44,17.53
infy,2022-11-30 00:00:00-05:00,18.98,19.0
infy,2022-12-31 00:00:00-05:00,18.44,18.39
infy,2023-01-31 00:00:00-05:00,18.17,18.22
infy,2023-02-28 00:00:00-05:00,18.65,18.66
infy,2023-03-31 00:00:00-04:00,17.12,17.13
infy,2023-04-30 00:00:00-04:00,15.71,15.68
infy,2023-05-31 00:00:00-04:00,15.2,15.21
infy,2023-06-30 00:00:00-04:00,15.62,15.65
intc,2018-06-30 00:00:00-04:00,45.24,45.04
intc,2018-07-31 00:00:00-04:00,44.3,44.34
intc,2018-08-31 00:00:00-04:00,42.05,42.17
intc,2018-09-30 00:00:00-04:00,40.43,40.41
intc,2018-10-31 00:00:00-04:00,40.18,39.96
intc,2018-11-30 00:00:00-05:00,41.85,41.98
intc,2018-12-31 00:00:00-05:00,41.37,41.21
intc,2019-01-31 00:00:00-05:00,41.77,41.95
intc,2019-02-28 00:00:00-05:00,44.7,44.93
intc,2019-03-31 00:00:00-04:00,47.38,47.31
intc,2019-04-30 00:00:00-04:00,49.36,49.38
intc,2019-05-31 00:00:00-04:00,41.24,41.21
intc,2019-06-30 00:00:00-04:00,41.34,41.35
intc,2019-07-31 00:00:00-04:00,44.31,44.4
intc,2019-08-31 00:00:00-04:00,41.87,41.73
intc,2019-09-30 00:00:00-04:00,45.58,45.73
intc,2019-10-31 00:00:00-04:00,46.82,46.93
intc,2019-11-30 00:00:00-05:00,52.05,52.18
intc,2019-12-31 00:00:00-05:00,52.12,52.09
intc,2020-01-31 00:00:00-05:00,55.58,55.68
intc,2020-02-29 00:00:00-05:00,58.36,58.12
intc,2020-03-31 00:00:00-04:00,46.69,47.15
intc,2020-04-30 00:00:00-04:00,52.66,52.83
intc,2020-05-31 00:00:00-04:00,54.69,54.71
intc,2020-06-30 00:00:00-04:00,55.42,55.27
intc,2020-07-31 00:00:00-04:00,51.62,51.46
intc,2020-08-31 00:00:00-04:00,44.99,44.89
intc,2020-09-30 00:00:00-04:00,45.86,45.89
intc,2020-10-31 00:00:00-04:00,46.81,46.75
intc,2020-11-30 00:00:00-05:00,42.25,42.28
intc,2020-12-31 00:00:00-05:00,45.31,45.49
intc,2021-01-31 00:00:00-05:00,50.73,50.75
intc,2021-02-28 00:00:00-05:00,55.44,55.82
intc,2021-03-31 00:00:00-04:00,58.43,58.36
intc,2021-04-30 00:00:00-04:00,58.68,58.55
intc,2021-05-31 00:00:00-04:00,52.45,52.38
intc,2021-06-30 00:00:00-04:00,53.15,53.05
intc,2021-07-31 00:00:00-04:00,51.6,51.59
intc,2021-08-31 00:00:00-04:00,50.34,50.25
intc,2021-09-30 00:00:00-04:00,50.73,50.67
intc,2021-10-31 00:00:00-04:00,49.4,49.35
intc,2021-11-30 00:00:00-05:00,47.4,47.38
intc,2021-12-31 00:00:00-05:00,48.15,48.05
intc,2022-01-31 00:00:00-05:00,50.14,50.01
intc,2022-02-28 00:00:00-05:00,45.27,45.44
intc,2022-03-31 00:00:00-04:00,45.92,46.01
intc,2022-04-30 00:00:00-04:00,44.93,44.74
intc,2022-05-31 00:00:00-04:00,41.72,41.77
intc,2022-06-30 00:00:00-04:00,38.25,38.01
intc,2022-07-31 00:00:00-04:00,36.79,36.89
intc,2022-08-31 00:00:00-04:00,34.02,33.91
intc,2022-09-30 00:00:00-04:00,28.46,28.2
intc,2022-10-31 00:00:00-04:00,25.82,25.89
intc,2022-11-30 00:00:00-05:00,28.58,28.61
intc,2022-12-31 00:00:00-05:00,27.18,27.08
intc,2023-01-31 00:00:00-05:00,28.34,28.54
intc,2023-02-28 00:00:00-05:00,27.51,27.46
intc,2023-03-31 00:00:00-04:00,27.87,28.2
intc,2023-04-30 00:00:00-04:00,31.43,31.31
intc,2023-05-31 00:00:00-04:00,29.75,29.79
intc,2023-06-30 00:00:00-04:00,31.54,31.63
intu,2018-06-30 00:00:00-04:00,199.74,199.39
intu,2018-07-31 00:00:00-04:00,204.74,204.64
intu,2018-08-31 00:00:00-04:00,203.5,204.06
intu,2018-09-30 00:00:00-04:00,215.74,215.97
intu,2018-10-31 00:00:00-04:00,207.91,206.57
intu,2018-11-30 00:00:00-05:00,203.3,203.38
intu,2018-12-31 00:00:00-05:00,194.86,193.99
intu,2019-01-31 00:00:00-05:00,200.06,201.1
intu,2019-02-28 00:00:00-05:00,224.88,226.48
intu,2019-03-31 00:00:00-04:00,245.82,246.35
intu,2019-04-30 00:00:00-04:00,253.7,253.31
intu,2019-05-31 00:00:00-04:00,238.88,239.43
intu,2019-06-30 00:00:00-04:00,250.34,249.91
intu,2019-07-31 00:00:00-04:00,270.0,270.43
intu,2019-08-31 00:00:00-04:00,269.34,269.02
intu,2019-09-30 00:00:00-04:00,266.36,265.03
intu,2019-10-31 00:00:00-04:00,257.44,256.85
intu,2019-11-30 00:00:00-05:00,255.93,255.72
intu,2019-12-31 00:00:00-05:00,254.09,253.85
intu,2020-01-31 00:00:00-05:00,271.35,272.42
intu,2020-02-29 00:00:00-05:00,286.71,285.62
intu,2020-03-31 00:00:00-04:00,239.32,240.4
intu,2020-04-30 00:00:00-04:00,247.48,247.81
intu,2020-05-31 00:00:00-04:00,276.0,276.47
intu,2020-06-30 00:00:00-04:00,282.62,282.91
intu,2020-07-31 00:00:00-04:00,293.63,293.81
intu,2020-08-31 00:00:00-04:00,312.86,313.33
intu,2020-09-30 00:00:00-04:00,317.01,316.09
intu,2020-10-31 00:00:00-04:00,329.48,328.32
intu,2020-11-30 00:00:00-05:00,343.7,343.37
intu,2020-12-31 00:00:00-05:00,364.32,365.47
intu,2021-01-31 00:00:00-05:00,367.18,366.31
intu,2021-02-28 00:00:00-05:00,391.52,393.4
intu,2021-03-31 00:00:00-04:00,380.88,379.59
intu,2021-04-30 00:00:00-04:00,404.87,405.55
intu,2021-05-31 00:00:00-04:00,410.3,411.13
intu,2021-06-30 00:00:00-04:00,463.46,465.47
intu,2021-07-31 00:00:00-04:00,504.0,505.16
intu,2021-08-31 00:00:00-04:00,536.91,537.35
intu,2021-09-30 00:00:00-04:00,557.94,556.06
intu,2021-10-31 00:00:00-04:00,554.85,557.77
intu,2021-11-30 00:00:00-05:00,634.57,632.53
intu,2021-12-31 00:00:00-05:00,642.76,641.78
intu,2022-01-31 00:00:00-05:00,555.93,552.48
intu,2022-02-28 00:00:00-05:00,520.95,518.95
intu,2022-03-31 00:00:00-04:00,460.27,459.1
intu,2022-04-30 00:00:00-04:00,464.46,462.37
intu,2022-05-31 00:00:00-04:00,383.68,383.29
intu,2022-06-30 00:00:00-04:00,390.38,389.77
intu,2022-07-31 00:00:00-04:00,404.6,408.34
intu,2022-08-31 00:00:00-04:00,461.41,460.15
intu,2022-09-30 00:00:00-04:00,416.62,416.02
intu,2022-10-31 00:00:00-04:00,404.36,405.49
intu,2022-11-30 00:00:00-05:00,388.24,385.55
intu,2022-12-31 00:00:00-05:00,394.55,394.42
intu,2023-01-31 00:00:00-05:00,395.26,396.88
intu,2023-02-28 00:00:00-05:00,416.0,417.01
intu,2023-03-31 00:00:00-04:00,413.97,414.9
intu,2023-04-30 00:00:00-04:00,438.17,438.72
intu,2023-05-31 00:00:00-04:00,429.61,429.33
intu,2023-06-30 00:00:00-04:00,433.02,434.99
meta,2018-06-30 00:00:00-04:00,197.69,197.95
meta,2018-07-31 00:00:00-04:00,199.33,199.97
meta,2018-08-31 00:00:00-04:00,177.6,177.49
meta,2018-09-30 00:00:00-04:00,164.23,164.38
meta,2018-10-31 00:00:00-04:00,154.87,154.19
meta,2018-11-30 00:00:00-05:00,141.76,141.64
meta,2018-12-31 00:00:00-05:00,137.53,137.16
meta,2019-01-31 00:00:00-05:00,144.55,145.42
meta,2019-02-28 00:00:00-05:00,164.75,164.81
meta,2019-03-31 00:00:00-04:00,166.84,167.41
meta,2019-04-30 00:00:00-04:00,180.32,180.54
meta,2019-05-31 00:00:00-04:00,185.97,186.08
meta,2019-06-30 00:00:00-04:00,181.66,181.27
meta,2019-07-31 00:00:00-04:00,199.31,199.6
meta,2019-08-31 00:00:00-04:00,184.99,184.5
meta,2019-09-30 00:00:00-04:00,186.28,185.74
meta,2019-10-31 00:00:00-04:00,184.37,184.38
meta,2019-11-30 00:00:00-05:00,195.39,195.72
meta,2019-12-31 00:00:00-05:00,202.14,201.95
meta,2020-01-31 00:00:00-05:00,216.25,216.64
meta,2020-02-29 00:00:00-05:00,207.04,207.51
meta,2020-03-31 00:00:00-04:00,165.28,165.75
meta,2020-04-30 00:00:00-04:00,177.12,177.0
meta,2020-05-31 00:00:00-04:00,215.76,216.55
meta,2020-06-30 00:00:00-04:00,231.54,232.05
meta,2020-07-31 00:00:00-04:00,238.7,239.21
meta,2020-08-31 00:00:00-04:00,267.15,268.79
meta,2020-09-30 00:00:00-04:00,267.92,266.55
meta,2020-10-31 00:00:00-04:00,270.59,269.78
meta,2020-11-30 00:00:00-05:00,276.39,276.31
meta,2020-12-31 00:00:00-05:00,276.44,276.53
meta,2021-01-31 00:00:00-05:00,266.19,264.61
meta,2021-02-28 00:00:00-05:00,265.95,266.34
meta,2021-03-31 00:00:00-04:00,274.7,275.51
meta,2021-04-30 00:00:00-04:00,307.91,307.75
meta,2021-05-31 00:00:00-04:00,316.6,317.34
meta,2021-06-30 00:00:00-04:00,335.75,336.43
meta,2021-07-31 00:00:00-04:00,352.98,353.38
meta,2021-08-31 00:00:00-04:00,361.63,363.02
meta,2021-09-30 00:00:00-04:00,365.06,363.97
meta,2021-10-31 00:00:00-04:00,329.2,328.67
meta,2021-11-30 00:00:00-05:00,337.24,336.53
meta,2021-12-31 00:00:00-05:00,330.68,330.85
meta,2022-01-31 00:00:00-05:00,319.56,319.41
meta,2022-02-28 00:00:00-05:00,228.8,228.44
meta,2022-03-31 00:00:00-04:00,206.92,207.26
meta,2022-04-30 00:00:00-04:00,210.02,208.24
meta,2022-05-31 00:00:00-04:00,196.87,197.74
meta,2022-06-30 00:00:00-04:00,175.11,173.5
meta,2022-07-31 00:00:00-04:00,166.22,167.36
meta,2022-08-31 00:00:00-04:00,168.57,168.56
meta,2022-09-30 00:00:00-04:00,150.45,149.96
meta,2022-10-31 00:00:00-04:00,127.78,127.92
meta,2022-11-30 00:00:00-05:00,105.61,106.4
meta,2022-12-31 00:00:00-05:00,117.53,117.96
meta,2023-01-31 00:00:00-05:00,135.78,137.25
meta,2023-02-28 00:00:00-05:00,176.0,176.48
meta,2023-03-31 00:00:00-04:00,193.12,193.94
meta,2023-04-30 00:00:00-04:00,216.69,217.2
meta,2023-05-31 00:00:00-04:00,242.16,243.36
meta,2023-06-30 00:00:00-04:00,268.42,269.25
msft,2018-06-30 00:00:00-04:00,94.69,94.5
msft,2018-07-31 00:00:00-04:00,98.92,98.97
msft,2018-08-31 00:00:00-04:00,102.8,103.02
msft,2018-09-30 00:00:00-04:00,106.41,106.56
msft,2018-10-31 00:00:00-04:00,104.24,103.69
msft,2018-11-30 00:00:00-05:00,102.08,102.12
msft,2018-12-31 00:00:00-05:00,100.14,99.54
msft,2019-01-31 00:00:00-05:00,99.12,99.3
msft,2019-02-28 00:00:00-05:00,102.68,103.08
msft,2019-03-31 00:00:00-04:00,110.14,110.25
msft,2019-04-30 00:00:00-04:00,117.41,117.59
msft,2019-05-31 00:00:00-04:00,121.09,121.24
msft,2019-06-30 00:00:00-04:00,126.91,126.87
msft,2019-07-31 00:00:00-04:00,132.94,132.74
msft,2019-08-31 00:00:00-04:00,131.46,131.34
msft,2019-09-30 00:00:00-04:00,133.43,133.19
msft,2019-10-31 00:00:00-04:00,134.55,134.27
msft,2019-11-30 00:00:00-05:00,142.76,142.99
msft,2019-12-31 00:00:00-05:00,149.0,149.19
msft,2020-01-31 00:00:00-05:00,158.67,158.69
msft,2020-02-29 00:00:00-05:00,172.98,173.13
msft,2020-03-31 00:00:00-04:00,147.47,148.02
msft,2020-04-30 00:00:00-04:00,164.18,164.02
msft,2020-05-31 00:00:00-04:00,177.03,177.1
msft,2020-06-30 00:00:00-04:00,186.77,187.49
msft,2020-07-31 00:00:00-04:00,201.52,201.49
msft,2020-08-31 00:00:00-04:00,208.2,208.78
msft,2020-09-30 00:00:00-04:00,204.36,203.66
msft,2020-10-31 00:00:00-04:00,207.79,207.64
msft,2020-11-30 00:00:00-05:00,209.14,209.07
msft,2020-12-31 00:00:00-05:00,212.8,213.14
msft,2021-01-31 00:00:00-05:00,217.04,217.07
msft,2021-02-28 00:00:00-05:00,234.55,234.98
msft,2021-03-31 00:00:00-04:00,229.18,229.03
msft,2021-04-30 00:00:00-04:00,249.64,250.5
msft,2021-05-31 00:00:00-04:00,243.0,242.71
msft,2021-06-30 00:00:00-04:00,253.77,254.46
msft,2021-07-31 00:00:00-04:00,276.08,276.55
msft,2021-08-31 00:00:00-04:00,288.7,289.39
msft,2021-09-30 00:00:00-04:00,293.27,292.21
msft,2021-10-31 00:00:00-04:00,297.11,298.77
msft,2021-11-30 00:00:00-05:00,331.01,330.85
msft,2021-12-31 00:00:00-05:00,328.17,328.18
msft,2022-01-31 00:00:00-05:00,306.49,304.45
msft,2022-02-28 00:00:00-05:00,294.67,294.82
msft,2022-03-31 00:00:00-04:00,292.04,292.24
msft,2022-04-30 00:00:00-04:00,287.12,285.38
msft,2022-05-31 00:00:00-04:00,263.86,263.82
msft,2022-06-30 00:00:00-04:00,256.71,257.01
msft,2022-07-31 00:00:00-04:00,258.8,259.7
msft,2022-08-31 00:00:00-04:00,278.58,278.16
msft,2022-09-30 00:00:00-04:00,246.66,245.86
msft,2022-10-31 00:00:00-04:00,234.27,235.27
msft,2022-11-30 00:00:00-05:00,235.48,235.83
msft,2022-12-31 00:00:00-05:00,244.67,244.49
msft,2023-01-31 00:00:00-05:00,235.4,236.17
msft,2023-02-28 00:00:00-05:00,259.11,258.78
msft,2023-03-31 00:00:00-04:00,265.26,266.16
msft,2023-04-30 00:00:00-04:00,287.22,288.01
msft,2023-05-31 00:00:00-04:00,313.79,314.14
msft,2023-06-30 00:00:00-04:00,330.48,331.02
now,2018-06-30 00:00:00-04:00,178.8,178.21
now,2018-07-31 00:00:00-04:00,185.62,185.88
now,2018-08-31 00:00:00-04:00,185.97,186.78
now,2018-09-30 00:00:00-04:00,195.71,195.52
now,2018-10-31 00:00:00-04:00,182.03,180.92
now,2018-11-30 00:00:00-05:00,172.87,173.16
now,2018-12-31 00:00:00-05:00,178.4,177.95
now,2019-01-31 00:00:00-05:00,186.68,188.09
now,2019-02-28 00:00:00-05:00,230.61,231.72
now,2019-03-31 00:00:00-04:00,241.08,240.81
now,2019-04-30 00:00:00-04:00,246.75,246.69
now,2019-05-31 00:00:00-04:00,267.19,268.34
now,2019-06-30 00:00:00-04:00,274.81,273.59
now,2019-07-31 00:00:00-04:00,292.63,292.35
now,2019-08-31 00:00:00-04:00,262.61,261.65
now,2019-09-30 00:00:00-04:00,261.63,260.61
now,2019-10-31 00:00:00-04:00,252.33,251.71
now,2019-11-30 00:00:00-05:00,261.23,262.46
now,2019-12-31 00:00:00-05:00,276.98,277.14
now,2020-01-31 00:00:00-05:00,305.84,307.42
now,2020-02-29 00:00:00-05:00,342.4,343.0
now,2020-03-31 00:00:00-04:00,290.27,291.27
now,2020-04-30 00:00:00-04:00,290.05,290.87
now,2020-05-31 00:00:00-04:00,373.18,373.77
now,2020-06-30 00:00:00-04:00,393.06,393.61
now,2020-07-31 00:00:00-04:00,425.65,426.24
now,2020-08-31 00:00:00-04:00,446.59,447.65
now,2020-09-30 00:00:00-04:00,466.98,466.73
now,2020-10-31 00:00:00-04:00,507.35,506.27
now,2020-11-30 00:00:00-05:00,510.87,510.66
now,2020-12-31 00:00:00-05:00,542.86,542.01
now,2021-01-31 00:00:00-05:00,530.88,527.6
now,2021-02-28 00:00:00-05:00,571.7,572.19
now,2021-03-31 00:00:00-04:00,494.72,491.46
now,2021-04-30 00:00:00-04:00,535.91,536.67
now,2021-05-31 00:00:00-04:00,474.57,472.9
now,2021-06-30 00:00:00-04:00,507.44,509.34
now,2021-07-31 00:00:00-04:00,565.82,567.5
now,2021-08-31 00:00:00-04:00,597.25,599.47
now,2021-09-30 00:00:00-04:00,650.5,649.78
now,2021-10-31 00:00:00-04:00,655.32,656.48
now,2021-11-30 00:00:00-05:00,679.7,676.17
now,2021-12-31 00:00:00-05:00,637.04,637.63
now,2022-01-31 00:00:00-05:00,553.95,548.53
now,2022-02-28 00:00:00-05:00,573.95,577.45
now,2022-03-31 00:00:00-04:00,558.89,556.29
now,2022-04-30 00:00:00-04:00,513.22,508.1
now,2022-05-31 00:00:00-04:00,447.85,447.36
now,2022-06-30 00:00:00-04:00,474.13,475.81
now,2022-07-31 00:00:00-04:00,452.66,454.18
now,2022-08-31 00:00:00-04:00,473.81,474.9
now,2022-09-30 00:00:00-04:00,420.2,419.56
now,2022-10-31 00:00:00-04:00,381.52,381.6
now,2022-11-30 00:00:00-05:00,397.7,396.17
now,2022-12-31 00:00:00-05:00,394.95,394.61
now,2023-01-31 00:00:00-05:00,415.21,417.62
now,2023-02-28 00:00:00-05:00,452.47,453.69
now,2023-03-31 00:00:00-04:00,435.32,435.92
now,2023-04-30 00:00:00-04:00,466.97,467.77
now,2023-05-31 00:00:00-04:00,477.93,480.03
now,2023-06-30 00:00:00-04:00,544.86,544.71
nvda,2018-06-30 00:00:00-04:00,62.95,62.39
nvda,2018-07-31 00:00:00-04:00,61.51,61.6
nvda,2018-08-31 00:00:00-04:00,64.2,64.62
nvda,2018-09-30 00:00:00-04:00,67.39,67.39
nvda,2018-10-31 00:00:00-04:00,60.27,59.49
nvda,2018-11-30 00:00:00-05:00,45.06,44.92
nvda,2018-12-31 00:00:00-05:00,36.08,35.64
nvda,2019-01-31 00:00:00-05:00,35.66,35.97
nvda,2019-02-28 00:00:00-05:00,38.05,38.01
nvda,2019-03-31 00:00:00-04:00,41.48,41.56
nvda,2019-04-30 00:00:00-04:00,46.47,46.48
nvda,2019-05-31 00:00:00-04:00,39.93,39.73
nvda,2019-06-30 00:00:00-04:00,37.16,37.21
nvda,2019-07-31 00:00:00-04:00,41.83,41.77
nvda,2019-08-31 00:00:00-04:00,40.0,39.88
nvda,2019-09-30 00:00:00-04:00,44.03,44.12
nvda,2019-10-31 00:00:00-04:00,47.35,47.45
nvda,2019-11-30 00:00:00-05:00,52.32,52.43
nvda,2019-12-31 00:00:00-05:00,55.81,55.95
nvda,2020-01-31 00:00:00-05:00,60.95,60.98
nvda,2020-02-29 00:00:00-05:00,66.8,67.49
nvda,2020-03-31 00:00:00-04:00,60.33,60.7
nvda,2020-04-30 00:00:00-04:00,69.17,69.03
nvda,2020-05-31 00:00:00-04:00,81.23,81.58
nvda,2020-06-30 00:00:00-04:00,90.85,90.91
nvda,2020-07-31 00:00:00-04:00,101.8,101.99
nvda,2020-08-31 00:00:00-04:00,118.68,119.43
nvda,2020-09-30 00:00:00-04:00,127.88,127.43
nvda,2020-10-31 00:00:00-04:00,136.05,135.28
nvda,2020-11-30 00:00:00-05:00,133.78,133.47
nvda,2020-12-31 00:00:00-05:00,132.31,131.97
nvda,2021-01-31 00:00:00-05:00,132.97,132.6
nvda,2021-02-28 00:00:00-05:00,142.16,142.48
nvda,2021-03-31 00:00:00-04:00,129.23,128.53
nvda,2021-04-30 00:00:00-04:00,149.09,149.84
nvda,2021-05-31 00:00:00-04:00,146.59,146.63
nvda,2021-06-30 00:00:00-04:00,180.45,181.9
nvda,2021-07-31 00:00:00-04:00,196.6,196.17
nvda,2021-08-31 00:00:00-04:00,206.15,206.81
nvda,2021-09-30 00:00:00-04:00,219.64,219.07
nvda,2021-10-31 00:00:00-04:00,219.47,220.81
nvda,2021-11-30 00:00:00-05:00,303.31,303.48
nvda,2021-12-31 00:00:00-05:00,300.87,298.95
nvda,2022-01-31 00:00:00-05:00,259.44,257.39
nvda,2022-02-28 00:00:00-05:00,245.28,245.99
nvda,2022-03-31 00:00:00-04:00,247.36,248.26
nvda,2022-04-30 00:00:00-04:00,223.25,219.38
nvda,2022-05-31 00:00:00-04:00,177.01,177.72
nvda,2022-06-30 00:00:00-04:00,170.82,170.01
nvda,2022-07-31 00:00:00-04:00,161.55,163.17
nvda,2022-08-31 00:00:00-04:00,176.94,177.48
nvda,2022-09-30 00:00:00-04:00,131.96,131.67
nvda,2022-10-31 00:00:00-04:00,124.03,124.63
nvda,2022-11-30 00:00:00-05:00,152.17,153.06
nvda,2022-12-31 00:00:00-05:00,162.53,162.08
nvda,2023-01-31 00:00:00-05:00,170.0,172.69
nvda,2023-02-28 00:00:00-05:00,218.57,220.37
nvda,2023-03-31 00:00:00-04:00,249.72,251.04
nvda,2023-04-30 00:00:00-04:00,271.45,271.47
nvda,2023-05-31 00:00:00-04:00,309.59,310.54
nvda,2023-06-30 00:00:00-04:00,390.41,391.29
orcl,2018-06-30 00:00:00-04:00,41.01,41.05
orcl,2018-07-31 00:00:00-04:00,43.85,44.0
orcl,2018-08-31 00:00:00-04:00,44.76,44.78
orcl,2018-09-30 00:00:00-04:00,45.67,45.94
orcl,2018-10-31 00:00:00-04:00,44.79,44.74
orcl,2018-11-30 00:00:00-05:00,45.7,45.61
orcl,2018-12-31 00:00:00-05:00,43.06,42.79
orcl,2019-01-31 00:00:00-05:00,44.64,44.97
orcl,2019-02-28 00:00:00-05:00,47.94,48.09
orcl,2019-03-31 00:00:00-04:00,49.18,49.32
orcl,2019-04-30 00:00:00-04:00,50.82,50.91
orcl,2019-05-31 00:00:00-04:00,50.28,50.23
orcl,2019-06-30 00:00:00-04:00,50.72,50.72
orcl,2019-07-31 00:00:00-04:00,54.95,54.88
orcl,2019-08-31 00:00:00-04:00,50.34,50.08
orcl,2019-09-30 00:00:00-04:00,50.39,50.53
orcl,2019-10-31 00:00:00-04:00,51.7,51.67
orcl,2019-11-30 00:00:00-05:00,52.99,53.0
orcl,2019-12-31 00:00:00-05:00,51.32,51.2
orcl,2020-01-31 00:00:00-05:00,51.26,51.32
orcl,2020-02-29 00:00:00-05:00,51.17,51.14
orcl,2020-03-31 00:00:00-04:00,44.23,44.7
orcl,2020-04-30 00:00:00-04:00,49.65,49.83
orcl,2020-05-31 00:00:00-04:00,50.33,50.17
orcl,2020-06-30 00:00:00-04:00,51.14,51.27
orcl,2020-07-31 00:00:00-04:00,53.5,53.54
orcl,2020-08-31 00:00:00-04:00,53.19,53.17
orcl,2020-09-30 00:00:00-04:00,56.56,56.26
orcl,2020-10-31 00:00:00-04:00,57.0,56.94
orcl,2020-11-30 00:00:00-05:00,54.78,54.57
orcl,2020-12-31 00:00:00-05:00,59.46,59.72
orcl,2021-01-31 00:00:00-05:00,59.91,59.74
orcl,2021-02-28 00:00:00-05:00,60.81,60.87
orcl,2021-03-31 00:00:00-04:00,65.57,65.88
orcl,2021-04-30 00:00:00-04:00,73.05,73.39
orcl,2021-05-31 00:00:00-04:00,76.15,76.31
orcl,2021-06-30 00:00:00-04:00,77.45,77.57
orcl,2021-07-31 00:00:00-04:00,83.71,84.17
orcl,2021-08-31 00:00:00-04:00,86.81,86.89
orcl,2021-09-30 00:00:00-04:00,86.23,86.29
orcl,2021-10-31 00:00:00-04:00,92.24,92.53
orcl,2021-11-30 00:00:00-05:00,92.15,91.89
orcl,2021-12-31 00:00:00-05:00,90.96,90.25
orcl,2022-01-31 00:00:00-05:00,83.26,83.0
orcl,2022-02-28 00:00:00-05:00,77.11,77.06
orcl,2022-03-31 00:00:00-04:00,77.55,77.81
orcl,2022-04-30 00:00:00-04:00,78.02,77.64
orcl,2022-05-31 00:00:00-04:00,70.0,69.98
orcl,2022-06-30 00:00:00-04:00,68.55,68.38
orcl,2022-07-31 00:00:00-04:00,71.26,71.71
orcl,2022-08-31 00:00:00-04:00,76.1,76.04
orcl,2022-09-30 00:00:00-04:00,69.02,68.58
orcl,2022-10-31 00:00:00-04:00,67.07,67.75
orcl,2022-11-30 00:00:00-05:00,78.06,78.2
orcl,2022-12-31 00:00:00-05:00,80.29,80.15
orcl,2023-01-31 00:00:00-05:00,86.75,87.03
orcl,2023-02-28 00:00:00-05:00,87.51,87.67
orcl,2023-03-31 00:00:00-04:00,86.94,87.24
orcl,2023-04-30 00:00:00-04:00,94.52,94.78
orcl,2023-05-31 00:00:00-04:00,98.65,99.12
orcl,2023-06-30 00:00:00-04:00,109.14,109.07
pypl,2018-06-30 00:00:00-04:00,84.2,84.1
pypl,2018-07-31 00:00:00-04:00,86.88,86.86
pypl,2018-08-31 00:00:00-04:00,87.08,87.47
pypl,2018-09-30 00:00:00-04:00,90.4,90.1
pypl,2018-10-31 00:00:00-04:00,82.83,82.25
pypl,2018-11-30 00:00:00-05:00,83.58,83.74
pypl,2018-12-31 00:00:00-05:00,84.2,84.05
pypl,2019-01-31 00:00:00-05:00,89.45,89.82
pypl,2019-02-28 00:00:00-05:00,93.51,94.17
pypl,2019-03-31 00:00:00-04:00,99.82,99.97
pypl,2019-04-30 00:00:00-04:00,107.41,107.67
pypl,2019-05-31 00:00:00-04:00,110.43,110.71
pypl,2019-06-30 00:00:00-04:00,114.62,114.3
pypl,2019-07-31 00:00:00-04:00,117.58,117.47
pypl,2019-08-31 00:00:00-04:00,106.95,106.75
pypl,2019-09-30 00:00:00-04:00,106.29,105.86
pypl,2019-10-31 00:00:00-04:00,102.76,102.26
pypl,2019-11-30 00:00:00-05:00,103.45,103.47
pypl,2019-12-31 00:00:00-05:00,107.17,107.05
pypl,2020-01-31 00:00:00-05:00,114.12,114.23
pypl,2020-02-29 00:00:00-05:00,117.44,117.64
pypl,2020-03-31 00:00:00-04:00,99.54,100.5
pypl,2020-04-30 00:00:00-04:00,108.35,108.93
pypl,2020-05-31 00:00:00-04:00,141.25,142.32
pypl,2020-06-30 00:00:00-04:00,162.05,162.39
pypl,2020-07-31 00:00:00-04:00,177.92,178.07
pypl,2020-08-31 00:00:00-04:00,198.14,197.79
pypl,2020-09-30 00:00:00-04:00,190.19,189.65
pypl,2020-10-31 00:00:00-04:00,199.93,198.91
pypl,2020-11-30 00:00:00-05:00,194.88,195.6
pypl,2020-12-31 00:00:00-05:00,225.8,226.04
pypl,2021-01-31 00:00:00-05:00,240.0,239.79
pypl,2021-02-28 00:00:00-05:00,274.05,274.43
pypl,2021-03-31 00:00:00-04:00,247.06,244.93
pypl,2021-04-30 00:00:00-04:00,264.45,264.83
pypl,2021-05-31 00:00:00-04:00,250.99,250.62
pypl,2021-06-30 00:00:00-04:00,274.15,275.74
pypl,2021-07-31 00:00:00-04:00,296.86,296.91
pypl,2021-08-31 00:00:00-04:00,276.4,276.53
pypl,2021-09-30 00:00:00-04:00,279.77,278.06
pypl,2021-10-31 00:00:00-04:00,257.24,254.66
pypl,2021-11-30 00:00:00-05:00,209.13,207.13
pypl,2021-12-31 00:00:00-05:00,188.6,188.67
pypl,2022-01-31 00:00:00-05:00,176.83,176.5
pypl,2022-02-28 00:00:00-05:00,118.74,117.81
pypl,2022-03-31 00:00:00-04:00,107.97,107.95
pypl,2022-04-30 00:00:00-04:00,102.26,101.36
pypl,2022-05-31 00:00:00-04:00,81.76,81.71
pypl,2022-06-30 00:00:00-04:00,78.17,77.89
pypl,2022-07-31 00:00:00-04:00,76.02,76.88
pypl,2022-08-31 00:00:00-04:00,96.13,95.89
pypl,2022-09-30 00:00:00-04:00,91.85,91.99
pypl,2022-10-31 00:00:00-04:00,86.38,86.46
pypl,2022-11-30 00:00:00-05:00,82.46,82.09
pypl,2022-12-31 00:00:00-05:00,71.73,71.55
pypl,2023-01-31 00:00:00-05:00,78.21,78.65
pypl,2023-02-28 00:00:00-05:00,78.83,78.56
pypl,2023-03-31 00:00:00-04:00,74.24,74.32
pypl,2023-04-30 00:00:00-04:00,74.59,74.63
pypl,2023-05-31 00:00:00-04:00,65.69,65.16
pypl,2023-06-30 00:00:00-04:00,63.92,63.96
shop,2018-06-30 00:00:00-04:00,16.21,16.04
shop,2018-07-31 00:00:00-04:00,16.18,16.2
shop,2018-08-31 00:00:00-04:00,14.15,14.16
shop,2018-09-30 00:00:00-04:00,15.38,15.46
shop,2018-10-31 00:00:00-04:00,13.99,13.85
shop,2018-11-30 00:00:00-05:00,14.2,14.31
shop,2018-12-31 00:00:00-05:00,14.13,14.1
shop,2019-01-31 00:00:00-05:00,15.11,15.24
shop,2019-02-28 00:00:00-05:00,17.68,17.83
shop,2019-03-31 00:00:00-04:00,19.84,19.91
shop,2019-04-30 00:00:00-04:00,21.27,21.38
shop,2019-05-31 00:00:00-04:00,26.38,26.65
shop,2019-06-30 00:00:00-04:00,30.22,30.24
shop,2019-07-31 00:00:00-04:00,32.15,32.16
shop,2019-08-31 00:00:00-04:00,36.49,36.67
shop,2019-09-30 00:00:00-04:00,34.18,33.86
shop,2019-10-31 00:00:00-04:00,32.0,32.04
shop,2019-11-30 00:00:00-05:00,31.23,31.32
shop,2019-12-31 00:00:00-05:00,37.9,38.15
shop,2020-01-31 00:00:00-05:00,44.3,44.53
shop,2020-02-29 00:00:00-05:00,49.83,49.62
shop,2020-03-31 00:00:00-04:00,41.55,41.68
shop,2020-04-30 00:00:00-04:00,51.37,51.85
shop,2020-05-31 00:00:00-04:00,73.48,74.04
shop,2020-06-30 00:00:00-04:00,81.57,81.96
shop,2020-07-31 00:00:00-04:00,99.72,98.9
shop,2020-08-31 00:00:00-04:00,103.6,103.57
shop,2020-09-30 00:00:00-04:00,96.04,95.8
shop,2020-10-31 00:00:00-04:00,105.53,104.93
shop,2020-11-30 00:00:00-05:00,96.23,96.65
shop,2020-12-31 00:00:00-05:00,112.42,112.58
shop,2021-01-31 00:00:00-05:00,116.51,115.84
shop,2021-02-28 00:00:00-05:00,132.8,134.42
shop,2021-03-31 00:00:00-04:00,114.79,113.71
shop,2021-04-30 00:00:00-04:00,118.21,117.81
shop,2021-05-31 00:00:00-04:00,114.94,115.28
shop,2021-06-30 00:00:00-04:00,134.88,135.6
shop,2021-07-31 00:00:00-04:00,151.32,151.44
shop,2021-08-31 00:00:00-04:00,151.49,151.45
shop,2021-09-30 00:00:00-04:00,147.3,146.56
shop,2021-10-31 00:00:00-04:00,139.99,140.43
shop,2021-11-30 00:00:00-05:00,157.89,157.59
shop,2021-12-31 00:00:00-05:00,141.48,140.61
shop,2022-01-31 00:00:00-05:00,107.14,105.28
shop,2022-02-28 00:00:00-05:00,79.92,79.27
shop,2022-03-31 00:00:00-04:00,64.13,64.29
shop,2022-04-30 00:00:00-04:00,57.4,56.23
shop,2022-05-31 00:00:00-04:00,37.53,37.69
shop,2022-06-30 00:00:00-04:00,34.88,34.83
shop,2022-07-31 00:00:00-04:00,33.68,34.28
shop,2022-08-31 00:00:00-04:00,36.93,36.73
shop,2022-09-30 00:00:00-04:00,30.72,30.8
shop,2022-10-31 00:00:00-04:00,28.87,29.16
shop,2022-11-30 00:00:00-05:00,36.08,36.07
shop,2022-12-31 00:00:00-05:00,37.32,37.22
shop,2023-01-31 00:00:00-05:00,40.6,40.92
shop,2023-02-28 00:00:00-05:00,47.05,47.18
shop,2023-03-31 00:00:00-04:00,43.66,44.05
shop,2023-04-30 00:00:00-04:00,47.02,47.05
shop,2023-05-31 00:00:00-04:00,58.53,58.66
shop,2023-06-30 00:00:00-04:00,60.73,60.98
snow,2020-09-30 00:00:00-04:00,237.89,238.1
snow,2020-10-31 00:00:00-04:00,252.09,251.72
snow,2020-11-30 00:00:00-05:00,264.03,264.36
snow,2020-12-31 00:00:00-05:00,335.63,335.72
snow,2021-01-31 00:00:00-05:00,289.08,285.93
snow,2021-02-28 00:00:00-05:00,292.33,290.27
snow,2021-03-31 00:00:00-04:00,233.68,231.84
snow,2021-04-30 00:00:00-04:00,233.28,233.14
snow,2021-05-31 00:00:00-04:00,216.84,217.89
snow,2021-06-30 00:00:00-04:00,244.94,245.54
snow,2021-07-31 00:00:00-04:00,255.79,257.26
snow,2021-08-31 00:00:00-04:00,280.38,282.81
snow,2021-09-30 00:00:00-04:00,312.59,313.24
snow,2021-10-31 00:00:00-04:00,325.62,327.83
snow,2021-11-30 00:00:00-05:00,370.06,369.61
snow,2021-12-31 00:00:00-05:00,348.44,347.97
snow,2022-01-31 00:00:00-05:00,289.48,285.95
snow,2022-02-28 00:00:00-05:00,282.9,282.35
snow,2022-03-31 00:00:00-04:00,215.09,214.91
snow,2022-04-30 00:00:00-04:00,203.18,199.62
snow,2022-05-31 00:00:00-04:00,147.77,146.79
snow,2022-06-30 00:00:00-04:00,130.35,130.8
snow,2022-07-31 00:00:00-04:00,148.07,148.61
snow,2022-08-31 00:00:00-04:00,166.72,167.84
snow,2022-09-30 00:00:00-04:00,178.57,179.23
snow,2022-10-31 00:00:00-04:00,169.58,169.69
snow,2022-11-30 00:00:00-05:00,146.3,145.0
snow,2022-12-31 00:00:00-05:00,142.4,143.03
snow,2023-01-31 00:00:00-05:00,141.02,141.71
snow,2023-02-28 00:00:00-05:00,159.51,160.2
snow,2023-03-31 00:00:00-04:00,138.84,139.64
snow,2023-04-30 00:00:00-04:00,144.84,144.91
snow,2023-05-31 00:00:00-04:00,162.2,164.15
snow,2023-06-30 00:00:00-04:00,173.0,173.98
t,2018-06-30 00:00:00-04:00,16.21,16.16
t,2018-07-31 00:00:00-04:00,16.27,16.27
t,2018-08-31 00:00:00-04:00,16.71,16.7
t,2018-09-30 00:00:00-04:00,17.05,17.05
t,2018-10-31 00:00:00-04:00,16.92,16.84
t,2018-11-30 00:00:00-05:00,15.96,15.97
t,2018-12-31 00:00:00-05:00,15.54,15.46
t,2019-01-31 00:00:00-05:00,16.21,16.25
t,2019-02-28 00:00:00-05:00,16.23,16.24
t,2019-03-31 00:00:00-04:00,16.42,16.4
t,2019-04-30 00:00:00-04:00,17.26,17.27
t,2019-05-31 00:00:00-04:00,17.12,17.13
t,2019-06-30 00:00:00-04:00,17.66,17.69
t,2019-07-31 00:00:00-04:00,18.66,18.67
t,2019-08-31 00:00:00-04:00,19.32,19.36
t,2019-09-30 00:00:00-04:00,20.75,20.78
t,2019-10-31 00:00:00-04:00,21.35,21.34
t,2019-11-30 00:00:00-05:00,21.93,21.93
t,2019-12-31 00:00:00-05:00,21.88,21.9
t,2020-01-31 00:00:00-05:00,22.14,22.16
t,2020-02-29 00:00:00-05:00,21.86,21.87
t,2020-03-31 00:00:00-04:00,18.75,18.89
t,2020-04-30 00:00:00-04:00,17.71,17.68
t,2020-05-31 00:00:00-04:00,17.63,17.54
t,2020-06-30 00:00:00-04:00,18.3,18.25
t,2020-07-31 00:00:00-04:00,18.06,18.06
t,2020-08-31 00:00:00-04:00,18.14,18.13
t,2020-09-30 00:00:00-04:00,17.56,17.51
t,2020-10-31 00:00:00-04:00,17.15,17.11
t,2020-11-30 00:00:00-05:00,17.63,17.63
t,2020-12-31 00:00:00-05:00,18.34,18.35
t,2021-01-31 00:00:00-05:00,18.38,18.42
t,2021-02-28 00:00:00-05:00,18.38,18.34
t,2021-03-31 00:00:00-04:00,18.88,18.91
t,2021-04-30 00:00:00-04:00,19.74,19.74
t,2021-05-31 00:00:00-04:00,20.18,20.12
t,2021-06-30 00:00:00-04:00,18.87,18.86
t,2021-07-31 00:00:00-04:00,18.8,18.79
t,2021-08-31 00:00:00-04:00,18.5,18.49
t,2021-09-30 00:00:00-04:00,18.23,18.21
t,2021-10-31 00:00:00-04:00,17.72,17.67
t,2021-11-30 00:00:00-05:00,16.89,16.84
t,2021-12-31 00:00:00-05:00,16.13,16.16
t,2022-01-31 00:00:00-05:00,18.24,18.26
t,2022-02-28 00:00:00-05:00,16.82,16.86
t,2022-03-31 00:00:00-04:00,16.48,16.45
t,2022-04-30 00:00:00-04:00,17.82,17.86
t,2022-05-31 00:00:00-04:00,18.97,19.08
t,2022-06-30 00:00:00-04:00,19.33,19.31
t,2022-07-31 00:00:00-04:00,19.02,19.04
t,2022-08-31 00:00:00-04:00,17.4,17.36
t,2022-09-30 00:00:00-04:00,15.84,15.76
t,2022-10-31 00:00:00-04:00,15.69,15.74
t,2022-11-30 00:00:00-05:00,18.23,18.26
t,2022-12-31 00:00:00-05:00,18.15,18.15
t,2023-01-31 00:00:00-05:00,19.06,19.13
t,2023-02-28 00:00:00-05:00,19.12,19.09
t,2023-03-31 00:00:00-04:00,18.33,18.35
t,2023-04-30 00:00:00-04:00,18.94,18.91
t,2023-05-31 00:00:00-04:00,16.63,16.56
t,2023-06-30 00:00:00-04:00,15.69,15.77
tmus,2018-06-30 00:00:00-04:00,59.9,60.0
tmus,2018-07-31 00:00:00-04:00,60.06,60.14
tmus,2018-08-31 00:00:00-04:00,64.81,65.1
tmus,2018-09-30 00:00:00-04:00,67.62,67.78
tmus,2018-10-31 00:00:00-04:00,68.2,67.93
tmus,2018-11-30 00:00:00-05:00,68.35,68.33
tmus,2018-12-31 00:00:00-05:00,64.98,64.77
tmus,2019-01-31 00:00:00-05:00,67.27,67.56
tmus,2019-02-28 00:00:00-05:00,70.39,70.58
tmus,2019-03-31 00:00:00-04:00,72.0,71.81
tmus,2019-04-30 00:00:00-04:00,72.14,72.27
tmus,2019-05-31 00:00:00-04:00,75.05,75.07
tmus,2019-06-30 00:00:00-04:00,75.67,75.51
tmus,2019-07-31 00:00:00-04:00,78.51,78.43
tmus,2019-08-31 00:00:00-04:00,77.6,77.53
tmus,2019-09-30 00:00:00-04:00,79.26,79.2
tmus,2019-10-31 00:00:00-04:00,79.85,80.03
tmus,2019-11-30 00:00:00-05:00,79.36,79.14
tmus,2019-12-31 00:00:00-05:00,76.84,76.75
tmus,2020-01-31 00:00:00-05:00,80.29,80.32
tmus,2020-02-29 00:00:00-05:00,91.48,91.67
tmus,2020-03-31 00:00:00-04:00,82.08,82.62
tmus,2020-04-30 00:00:00-04:00,88.1,87.95
tmus,2020-05-31 00:00:00-04:00,94.62,95.09
tmus,2020-06-30 00:00:00-04:00,103.77,104.11
tmus,2020-07-31 00:00:00-04:00,105.54,105.64
tmus,2020-08-31 00:00:00-04:00,113.93,114.08
tmus,2020-09-30 00:00:00-04:00,113.21,113.06
tmus,2020-10-31 00:00:00-04:00,114.19,113.98
tmus,2020-11-30 00:00:00-05:00,124.75,124.85
tmus,2020-12-31 00:00:00-05:00,131.97,131.9
tmus,2021-01-31 00:00:00-05:00,130.45,129.93
tmus,2021-02-28 00:00:00-05:00,124.23,123.82
tmus,2021-03-31 00:00:00-04:00,124.64,124.55
tmus,2021-04-30 00:00:00-04:00,131.13,131.38
tmus,2021-05-31 00:00:00-04:00,136.6,137.04
tmus,2021-06-30 00:00:00-04:00,144.78,144.86
tmus,2021-07-31 00:00:00-04:00,145.91,146.02
tmus,2021-08-31 00:00:00-04:00,141.76,141.63
tmus,2021-09-30 00:00:00-04:00,130.58,130.08
tmus,2021-10-31 00:00:00-04:00,120.05,119.28
tmus,2021-11-30 00:00:00-05:00,117.84,117.21
tmus,2021-12-31 00:00:00-05:00,116.34,116.58
tmus,2022-01-31 00:00:00-05:00,108.85,108.64
tmus,2022-02-28 00:00:00-05:00,122.1,122.73
tmus,2022-03-31 00:00:00-04:00,125.11,125.22
tmus,2022-04-30 00:00:00-04:00,131.37,131.04
tmus,2022-05-31 00:00:00-04:00,127.37,127.75
tmus,2022-06-30 00:00:00-04:00,132.57,132.65
tmus,2022-07-31 00:00:00-04:00,136.03,136.49
tmus,2022-08-31 00:00:00-04:00,144.81,144.94
tmus,2022-09-30 00:00:00-04:00,139.66,139.24
tmus,2022-10-31 00:00:00-04:00,138.45,138.78
tmus,2022-11-30 00:00:00-05:00,149.29,148.99
tmus,2022-12-31 00:00:00-05:00,143.91,143.27
tmus,2023-01-31 00:00:00-05:00,145.88,146.59
tmus,2023-02-28 00:00:00-05:00,145.34,145.58
tmus,2023-03-31 00:00:00-04:00,142.92,142.8
tmus,2023-04-30 00:00:00-04:00,148.04,148.37
tmus,2023-05-31 00:00:00-04:00,140.94,140.76
tmus,2023-06-30 00:00:00-04:00,131.02,131.08
tsla,2018-06-30 00:00:00-04:00,23.37,23.31
tsla,2018-07-31 00:00:00-04:00,20.91,20.8
tsla,2018-08-31 00:00:00-04:00,22.0,22.08
tsla,2018-09-30 00:00:00-04:00,19.26,19.34
tsla,2018-10-31 00:00:00-04:00,19.1,19.0
tsla,2018-11-30 00:00:00-05:00,22.85,22.97
tsla,2018-12-31 00:00:00-05:00,23.07,22.94
tsla,2019-01-31 00:00:00-05:00,21.11,21.23
tsla,2019-02-28 00:00:00-05:00,20.48,20.52
tsla,2019-03-31 00:00:00-04:00,18.59,18.52
tsla,2019-04-30 00:00:00-04:00,17.8,17.78
tsla,2019-05-31 00:00:00-04:00,14.7,14.65
tsla,2019-06-30 00:00:00-04:00,14.22,14.25
tsla,2019-07-31 00:00:00-04:00,16.08,16.16
tsla,2019-08-31 00:00:00-04:00,15.06,15.01
tsla,2019-09-30 00:00:00-04:00,15.8,15.82
tsla,2019-10-31 00:00:00-04:00,17.6,17.76
tsla,2019-11-30 00:00:00-05:00,22.59,22.55
tsla,2019-12-31 00:00:00-05:00,24.98,25.18
tsla,2020-01-31 00:00:00-05:00,34.87,35.24
tsla,2020-02-29 00:00:00-05:00,52.98,53.16
tsla,2020-03-31 00:00:00-04:00,37.6,37.27
tsla,2020-04-30 00:00:00-04:00,44.35,44.24
tsla,2020-05-31 00:00:00-04:00,53.27,53.3
tsla,2020-06-30 00:00:00-04:00,63.88,64.24
tsla,2020-07-31 00:00:00-04:00,97.66,97.34
tsla,2020-08-31 00:00:00-04:00,118.17,120.02
tsla,2020-09-30 00:00:00-04:00,138.09,137.83
tsla,2020-10-31 00:00:00-04:00,143.5,142.4
tsla,2020-11-30 00:00:00-05:00,154.76,155.2
tsla,2020-12-31 00:00:00-05:00,210.5,212.94
tsla,2021-01-31 00:00:00-05:00,275.73,276.26
tsla,2021-02-28 00:00:00-05:00,265.86,264.76
tsla,2021-03-31 00:00:00-04:00,220.13,218.93
tsla,2021-04-30 00:00:00-04:00,236.43,236.54
tsla,2021-05-31 00:00:00-04:00,206.24,205.58
tsla,2021-06-30 00:00:00-04:00,208.75,208.97
tsla,2021-07-31 00:00:00-04:00,219.84,219.71
tsla,2021-08-31 00:00:00-04:00,234.81,235.08
tsla,2021-09-30 00:00:00-04:00,250.6,251.32
tsla,2021-10-31 00:00:00-04:00,289.95,292.78
tsla,2021-11-30 00:00:00-05:00,372.59,373.55
tsla,2021-12-31 00:00:00-05:00,341.48,339.63
tsla,2022-01-31 00:00:00-05:00,339.77,336.72
tsla,2022-02-28 00:00:00-05:00,292.79,292.96
tsla,2022-03-31 00:00:00-04:00,303.25,304.79
tsla,2022-04-30 00:00:00-04:00,337.05,332.46
tsla,2022-05-31 00:00:00-04:00,256.99,255.22
tsla,2022-06-30 00:00:00-04:00,234.47,234.03
tsla,2022-07-31 00:00:00-04:00,248.89,251.39
tsla,2022-08-31 00:00:00-04:00,297.22,294.87
tsla,2022-09-30 00:00:00-04:00,287.89,288.73
tsla,2022-10-31 00:00:00-04:00,224.13,223.81
tsla,2022-11-30 00:00:00-05:00,193.48,191.25
tsla,2022-12-31 00:00:00-05:00,155.9,152.97
tsla,2023-01-31 00:00:00-05:00,132.32,134.2
tsla,2023-02-28 00:00:00-05:00,198.18,199.78
tsla,2023-03-31 00:00:00-04:00,188.43,188.52
tsla,2023-04-30 00:00:00-04:00,177.73,176.96
tsla,2023-05-31 00:00:00-04:00,174.77,175.8
tsla,2023-06-30 00:00:00-04:00,227.09,230.31
tsm,2018-06-30 00:00:00-04:00,32.68,32.6
tsm,2018-07-31 00:00:00-04:00,34.52,34.64
tsm,2018-08-31 00:00:00-04:00,36.9,36.97
tsm,2018-09-30 00:00:00-04:00,39.31,39.42
tsm,2018-10-31 00:00:00-04:00,35.53,35.31
tsm,2018-11-30 00:00:00-05:00,33.53,33.53
tsm,2018-12-31 00:00:00-05:00,32.83,32.74
tsm,2019-01-31 00:00:00-05:00,32.22,32.38
tsm,2019-02-28 00:00:00-05:00,34.33,34.4
tsm,2019-03-31 00:00:00-04:00,35.26,35.29
tsm,2019-04-30 00:00:00-04:00,38.36,38.54
tsm,2019-05-31 00:00:00-04:00,36.55,36.55
tsm,2019-06-30 00:00:00-04:00,35.36,35.22
tsm,2019-07-31 00:00:00-04:00,38.8,38.78
tsm,2019-08-31 00:00:00-04:00,38.26,38.22
tsm,2019-09-30 00:00:00-04:00,40.93,41.04
tsm,2019-10-31 00:00:00-04:00,45.89,45.94
tsm,2019-11-30 00:00:00-05:00,49.35,49.3
tsm,2019-12-31 00:00:00-05:00,52.73,52.75
tsm,2020-01-31 00:00:00-05:00,54.3,54.15
tsm,2020-02-29 00:00:00-05:00,52.7,52.74
tsm,2020-03-31 00:00:00-04:00,46.8,46.85
tsm,2020-04-30 00:00:00-04:00,48.18,48.08
tsm,2020-05-31 00:00:00-04:00,48.69,48.39
tsm,2020-06-30 00:00:00-04:00,52.38,52.52
tsm,2020-07-31 00:00:00-04:00,64.65,65.02
tsm,2020-08-31 00:00:00-04:00,75.57,75.49
tsm,2020-09-30 00:00:00-04:00,76.53,76.49
tsm,2020-10-31 00:00:00-04:00,82.61,82.63
tsm,2020-11-30 00:00:00-05:00,89.08,89.11
tsm,2020-12-31 00:00:00-05:00,100.16,99.92
tsm,2021-01-31 00:00:00-05:00,119.44,118.46
tsm,2021-02-28 00:00:00-05:00,126.7,126.58
tsm,2021-03-31 00:00:00-04:00,113.54,112.66
tsm,2021-04-30 00:00:00-04:00,115.95,115.37
tsm,2021-05-31 00:00:00-04:00,109.04,109.22
tsm,2021-06-30 00:00:00-04:00,113.54,113.61
tsm,2021-07-31 00:00:00-04:00,114.06,113.98
tsm,2021-08-31 00:00:00-04:00,111.78,111.63
tsm,2021-09-30 00:00:00-04:00,115.15,114.89
tsm,2021-10-31 00:00:00-04:00,109.47,109.29
tsm,2021-11-30 00:00:00-05:00,114.82,115.4
tsm,2021-12-31 00:00:00-05:00,116.14,116.21
tsm,2022-01-31 00:00:00-05:00,124.91,124.32
tsm,2022-02-28 00:00:00-05:00,117.09,116.61
tsm,2022-03-31 00:00:00-04:00,103.11,102.8
tsm,2022-04-30 00:00:00-04:00,96.8,96.09
tsm,2022-05-31 00:00:00-04:00,89.19,89.26
tsm,2022-06-30 00:00:00-04:00,86.76,86.58
tsm,2022-07-31 00:00:00-04:00,81.49,81.91
tsm,2022-08-31 00:00:00-04:00,85.64,85.73
tsm,2022-09-30 00:00:00-04:00,76.07,76.11
tsm,2022-10-31 00:00:00-04:00,64.56,64.7
tsm,2022-11-30 00:00:00-05:00,72.85,72.83
tsm,2022-12-31 00:00:00-05:00,77.63,77.37
tsm,2023-01-31 00:00:00-05:00,85.7,86.27
tsm,2023-02-28 00:00:00-05:00,91.63,91.81
tsm,2023-03-31 00:00:00-04:00,89.75,90.1
tsm,2023-04-30 00:00:00-04:00,87.6,87.37
tsm,2023-05-31 00:00:00-04:00,88.82,89.32
tsm,2023-06-30 00:00:00-04:00,101.44,101.39
uber,2019-05-31 00:00:00-04:00,40.78,40.82
uber,2019-06-30 00:00:00-04:00,43.68,43.67
uber,2019-07-31 00:00:00-04:00,44.02,43.7
uber,2019-08-31 00:00:00-04:00,36.52,36.14
uber,2019-09-30 00:00:00-04:00,32.77,32.59
uber,2019-10-31 00:00:00-04:00,31.19,31.25
uber,2019-11-30 00:00:00-05:00,28.12,28.19
uber,2019-12-31 00:00:00-05:00,29.28,29.34
uber,2020-01-31 00:00:00-05:00,34.72,34.98
uber,2020-02-29 00:00:00-05:00,38.55,38.46
uber,2020-03-31 00:00:00-04:00,26.12,26.13
uber,2020-04-30 00:00:00-04:00,27.67,27.58
uber,2020-05-31 00:00:00-04:00,32.23,32.41
uber,2020-06-30 00:00:00-04:00,33.77,33.46
uber,2020-07-31 00:00:00-04:00,32.12,31.93
uber,2020-08-31 00:00:00-04:00,31.44,31.69
uber,2020-09-30 00:00:00-04:00,35.22,35.46
uber,2020-10-31 00:00:00-04:00,35.83,35.66
uber,2020-11-30 00:00:00-05:00,46.17,46.56
uber,2020-12-31 00:00:00-05:00,52.31,52.38
uber,2021-01-31 00:00:00-05:00,54.42,54.3
uber,2021-02-28 00:00:00-05:00,57.7,57.54
uber,2021-03-31 00:00:00-04:00,55.94,55.61
uber,2021-04-30 00:00:00-04:00,57.83,57.72
uber,2021-05-31 00:00:00-04:00,49.17,48.89
uber,2021-06-30 00:00:00-04:00,50.19,50.03
uber,2021-07-31 00:00:00-04:00,47.48,47.43
uber,2021-08-31 00:00:00-04:00,41.74,41.64
uber,2021-09-30 00:00:00-04:00,42.02,42.1
uber,2021-10-31 00:00:00-04:00,46.5,46.34
uber,2021-11-30 00:00:00-05:00,44.01,43.66
uber,2021-12-31 00:00:00-05:00,39.25,39.5
uber,2022-01-31 00:00:00-05:00,39.79,39.57
uber,2022-02-28 00:00:00-05:00,36.12,36.16
uber,2022-03-31 00:00:00-04:00,32.79,32.64
uber,2022-04-30 00:00:00-04:00,32.9,32.73
uber,2022-05-31 00:00:00-04:00,24.7,24.38
uber,2022-06-30 00:00:00-04:00,22.86,22.83
uber,2022-07-31 00:00:00-04:00,22.28,22.48
uber,2022-08-31 00:00:00-04:00,29.98,30.09
uber,2022-09-30 00:00:00-04:00,29.68,29.84
uber,2022-10-31 00:00:00-04:00,27.23,27.33
uber,2022-11-30 00:00:00-05:00,28.77,28.67
uber,2022-12-31 00:00:00-05:00,26.18,26.09
uber,2023-01-31 00:00:00-05:00,28.44,28.74
uber,2023-02-28 00:00:00-05:00,34.19,34.36
uber,2023-03-31 00:00:00-04:00,32.29,32.13
uber,2023-04-30 00:00:00-04:00,31.08,31.07
uber,2023-05-31 00:00:00-04:00,37.77,37.93
uber,2023-06-30 00:00:00-04:00,39.86,40.25
wday,2018-06-30 00:00:00-04:00,125.03,124.69
wday,2018-07-31 00:00:00-04:00,130.24,130.53
wday,2018-08-31 00:00:00-04:00,140.11,141.43
wday,2018-09-30 00:00:00-04:00,145.7,145.22
wday,2018-10-31 00:00:00-04:00,132.51,131.44
wday,2018-11-30 00:00:00-05:00,136.64,137.64
wday,2018-12-31 00:00:00-05:00,158.67,158.54
wday,2019-01-31 00:00:00-05:00,167.07,167.79
wday,2019-02-28 00:00:00-05:00,190.37,190.83
wday,2019-03-31 00:00:00-04:00,188.2,187.87
wday,2019-04-30 00:00:00-04:00,193.83,194.16
wday,2019-05-31 00:00:00-04:00,203.24,204.19
wday,2019-06-30 00:00:00-04:00,208.48,207.64
wday,2019-07-31 00:00:00-04:00,215.4,215.08
wday,2019-08-31 00:00:00-04:00,190.75,189.77
wday,2019-09-30 00:00:00-04:00,172.76,172.43
wday,2019-10-31 00:00:00-04:00,165.87,165.76
wday,2019-11-30 00:00:00-05:00,167.44,168.11
wday,2019-12-31 00:00:00-05:00,164.53,164.32
wday,2020-01-31 00:00:00-05:00,179.19,180.18
wday,2020-02-29 00:00:00-05:00,188.3,187.85
wday,2020-03-31 00:00:00-04:00,141.19,140.58
wday,2020-04-30 00:00:00-04:00,141.25,141.44
wday,2020-05-31 00:00:00-04:00,160.7,160.98
wday,2020-06-30 00:00:00-04:00,181.22,181.56
wday,2020-07-31 00:00:00-04:00,187.65,187.32
wday,2020-08-31 00:00:00-04:00,192.11,193.56
wday,2020-09-30 00:00:00-04:00,214.58,213.13
wday,2020-10-31 00:00:00-04:00,223.31,222.12
wday,2020-11-30 00:00:00-05:00,218.7,218.86
wday,2020-12-31 00:00:00-05:00,231.92,232.55
wday,2021-01-31 00:00:00-05:00,228.48,227.56
wday,2021-02-28 00:00:00-05:00,263.58,265.62
wday,2021-03-31 00:00:00-04:00,248.37,247.78
wday,2021-04-30 00:00:00-04:00,256.08,256.21
wday,2021-05-31 00:00:00-04:00,233.02,232.23
wday,2021-06-30 00:00:00-04:00,232.5,233.0
wday,2021-07-31 00:00:00-04:00,234.88,234.84
wday,2021-08-31 00:00:00-04:00,240.43,240.9
wday,2021-09-30 00:00:00-04:00,268.46,267.41
wday,2021-10-31 00:00:00-04:00,268.08,269.51
wday,2021-11-30 00:00:00-05:00,289.46,288.57
wday,2021-12-31 00:00:00-05:00,274.67,274.99
wday,2022-01-31 00:00:00-05:00,248.1,247.73
wday,2022-02-28 00:00:00-05:00,231.87,231.15
wday,2022-03-31 00:00:00-04:00,236.51,236.03
wday,2022-04-30 00:00:00-04:00,223.22,222.1
wday,2022-05-31 00:00:00-04:00,177.72,176.44
wday,2022-06-30 00:00:00-04:00,149.01,148.46
wday,2022-07-31 00:00:00-04:00,144.32,145.11
wday,2022-08-31 00:00:00-04:00,165.43,165.83
wday,2022-09-30 00:00:00-04:00,157.21,157.2
wday,2022-10-31 00:00:00-04:00,150.8,151.06
wday,2022-11-30 00:00:00-05:00,148.06,147.57
wday,2022-12-31 00:00:00-05:00,168.79,169.24
wday,2023-01-31 00:00:00-05:00,168.47,169.47
wday,2023-02-28 00:00:00-05:00,186.21,186.96
wday,2023-03-31 00:00:00-04:00,188.11,188.64
wday,2023-04-30 00:00:00-04:00,193.72,193.2
wday,2023-05-31 00:00:00-04:00,189.64,190.19
wday,2023-06-30 00:00:00-04:00,210.01,210.37
