Ticker,Date,Volume
aapl,2018-06-30 00:00:00-04:00,110
aapl,2018-07-31 00:00:00-04:00,75
aapl,2018-08-31 00:00:00-04:00,122
aapl,2018-09-30 00:00:00-04:00,143
aapl,2018-10-31 00:00:00-04:00,137
aapl,2018-11-30 00:00:00-05:00,183
aapl,2018-12-31 00:00:00-05:00,189
aapl,2019-01-31 00:00:00-05:00,158
aapl,2019-02-28 00:00:00-05:00,99
aapl,2019-03-31 00:00:00-04:00,124
aapl,2019-04-30 00:00:00-04:00,96
aapl,2019-05-31 00:00:00-04:00,134
aapl,2019-06-30 00:00:00-04:00,103
aapl,2019-07-31 00:00:00-04:00,86
aapl,2019-08-31 00:00:00-04:00,124
aapl,2019-09-30 00:00:00-04:00,109
aapl,2019-10-31 00:00:00-04:00,106
aapl,2019-11-30 00:00:00-05:00,90
aapl,2019-12-31 00:00:00-05:00,114
aapl,2020-01-31 00:00:00-05:00,140
aapl,2020-02-29 00:00:00-05:00,159
aapl,2020-03-31 00:00:00-04:00,285
aapl,2020-04-30 00:00:00-04:00,155
aapl,2020-05-31 00:00:00-04:00,140
aapl,2020-06-30 00:00:00-04:00,147
aapl,2020-07-31 00:00:00-04:00,137
aapl,2020-08-31 00:00:00-04:00,194
aapl,2020-09-30 00:00:00-04:00,185
aapl,2020-10-31 00:00:00-04:00,132
aapl,2020-11-30 00:00:00-05:00,106
aapl,2020-12-31 00:00:00-05:00,106
aapl,2021-01-31 00:00:00-05:00,118
aapl,2021-02-28 00:00:00-05:00,97
aapl,2021-03-31 00:00:00-04:00,115
aapl,2021-04-30 00:00:00-04:00,90
aapl,2021-05-31 00:00:00-04:00,86
aapl,2021-06-30 00:00:00-04:00,73
aapl,2021-07-31 00:00:00-04:00,91
aapl,2021-08-31 00:00:00-04:00,66
aapl,2021-09-30 00:00:00-04:00,86
aapl,2021-10-31 00:00:00-04:00,75
aapl,2021-11-30 00:00:00-05:00,81
aapl,2021-12-31 00:00:00-05:00,111
aapl,2022-01-31 00:00:00-05:00,105
aapl,2022-02-28 00:00:00-05:00,86
aapl,2022-03-31 00:00:00-04:00,95
aapl,2022-04-30 00:00:00-04:00,84
aapl,2022-05-31 00:00:00-04:00,114
aapl,2022-06-30 00:00:00-04:00,83
aapl,2022-07-31 00:00:00-04:00,72
aapl,2022-08-31 00:00:00-04:00,66
aapl,2022-09-30 00:00:00-04:00,99
aapl,2022-10-31 00:00:00-04:00,89
aapl,2022-11-30 00:00:00-05:00,82
aapl,2022-12-31 00:00:00-05:00,80
aapl,2023-01-31 00:00:00-05:00,72
aapl,2023-02-28 00:00:00-05:00,69
aapl,2023-03-31 00:00:00-04:00,66
aapl,2023-04-30 00:00:00-04:00,51
aapl,2023-05-31 00:00:00-04:00,58
aapl,2023-06-30 00:00:00-04:00,65
abnb,2020-12-31 00:00:00-05:00,15
abnb,2021-01-31 00:00:00-05:00,7
abnb,2021-02-28 00:00:00-05:00,5
abnb,2021-03-31 00:00:00-04:00,6
abnb,2021-04-30 00:00:00-04:00,3
abnb,2021-05-31 00:00:00-04:00,12
abnb,2021-06-30 00:00:00-04:00,9
abnb,2021-07-31 00:00:00-04:00,6
abnb,2021-08-31 00:00:00-04:00,7
abnb,2021-09-30 00:00:00-04:00,6
abnb,2021-10-31 00:00:00-04:00,3
abnb,2021-11-30 00:00:00-05:00,8
abnb,2021-12-31 00:00:00-05:00,6
abnb,2022-01-31 00:00:00-05:00,6
abnb,2022-02-28 00:00:00-05:00,8
abnb,2022-03-31 00:00:00-04:00,5
abnb,2022-04-30 00:00:00-04:00,4
abnb,2022-05-31 00:00:00-04:00,10
abnb,2022-06-30 00:00:00-04:00,8
abnb,2022-07-31 00:00:00-04:00,6
abnb,2022-08-31 00:00:00-04:00,6
abnb,2022-09-30 00:00:00-04:00,6
abnb,2022-10-31 00:00:00-04:00,5
abnb,2022-11-30 00:00:00-05:00,8
abnb,2022-12-31 00:00:00-05:00,6
abnb,2023-01-31 00:00:00-05:00,5
abnb,2023-02-28 00:00:00-05:00,9
abnb,2023-03-31 00:00:00-04:00,5
abnb,2023-04-30 00:00:00-04:00,5
abnb,2023-05-31 00:00:00-04:00,9
abnb,2023-06-30 00:00:00-04:00,7
adbe,2018-06-30 00:00:00-04:00,4
adbe,2018-07-31 00:00:00-04:00,3
adbe,2018-08-31 00:00:00-04:00,2
adbe,2018-09-30 00:00:00-04:00,3
adbe,2018-10-31 00:00:00-04:00,5
adbe,2018-11-30 00:00:00-05:00,4
adbe,2018-12-31 00:00:00-05:00,5
adbe,2019-01-31 00:00:00-05:00,3
adbe,2019-02-28 00:00:00-05:00,3
adbe,2019-03-31 00:00:00-04:00,3
adbe,2019-04-30 00:00:00-04:00,2
adbe,2019-05-31 00:00:00-04:00,2
adbe,2019-06-30 00:00:00-04:00,3
adbe,2019-07-31 00:00:00-04:00,2
adbe,2019-08-31 00:00:00-04:00,2
adbe,2019-09-30 00:00:00-04:00,3
adbe,2019-10-31 00:00:00-04:00,3
adbe,2019-11-30 00:00:00-05:00,2
adbe,2019-12-31 00:00:00-05:00,2
adbe,2020-01-31 00:00:00-05:00,2
adbe,2020-02-29 00:00:00-05:00,3
adbe,2020-03-31 00:00:00-04:00,6
adbe,2020-04-30 00:00:00-04:00,3
adbe,2020-05-31 00:00:00-04:00,3
adbe,2020-06-30 00:00:00-04:00,3
adbe,2020-07-31 00:00:00-04:00,2
adbe,2020-08-31 00:00:00-04:00,3
adbe,2020-09-30 00:00:00-04:00,4
adbe,2020-10-31 00:00:00-04:00,2
adbe,2020-11-30 00:00:00-05:00,3
adbe,2020-12-31 00:00:00-05:00,2
adbe,2021-01-31 00:00:00-05:00,3
adbe,2021-02-28 00:00:00-05:00,2
adbe,2021-03-31 00:00:00-04:00,3
adbe,2021-04-30 00:00:00-04:00,2
adbe,2021-05-31 00:00:00-04:00,2
adbe,2021-06-30 00:00:00-04:00,2
adbe,2021-07-31 00:00:00-04:00,2
adbe,2021-08-31 00:00:00-04:00,1
adbe,2021-09-30 00:00:00-04:00,3
adbe,2021-10-31 00:00:00-04:00,2
adbe,2021-11-30 00:00:00-05:00,2
adbe,2021-12-31 00:00:00-05:00,4
adbe,2022-01-31 00:00:00-05:00,4
adbe,2022-02-28 00:00:00-05:00,4
adbe,2022-03-31 00:00:00-04:00,4
adbe,2022-04-30 00:00:00-04:00,3
adbe,2022-05-31 00:00:00-04:00,3
adbe,2022-06-30 00:00:00-04:00,3
adbe,2022-07-31 00:00:00-04:00,2
adbe,2022-08-31 00:00:00-04:00,2
adbe,2022-09-30 00:00:00-04:00,6
adbe,2022-10-31 00:00:00-04:00,4
adbe,2022-11-30 00:00:00-05:00,3
adbe,2022-12-31 00:00:00-05:00,3
adbe,2023-01-31 00:00:00-05:00,2
adbe,2023-02-28 00:00:00-05:00,3
adbe,2023-03-31 00:00:00-04:00,4
adbe,2023-04-30 00:00:00-04:00,2
adbe,2023-05-31 00:00:00-04:00,4
adbe,2023-06-30 00:00:00-04:00,5
adi,2018-06-30 00:00:00-04:00,3
adi,2018-07-31 00:00:00-04:00,2
adi,2018-08-31 00:00:00-04:00,2
adi,2018-09-30 00:00:00-04:00,3
adi,2018-10-31 00:00:00-04:00,4
adi,2018-11-30 00:00:00-05:00,3
adi,2018-12-31 00:00:00-05:00,3
adi,2019-01-31 00:00:00-05:00,3
adi,2019-02-28 00:00:00-05:00,3
adi,2019-03-31 00:00:00-04:00,3
adi,2019-04-30 00:00:00-04:00,2
adi,2019-05-31 00:00:00-04:00,3
adi,2019-06-30 00:00:00-04:00,3
adi,2019-07-31 00:00:00-04:00,2
adi,2019-08-31 00:00:00-04:00,2
adi,2019-09-30 00:00:00-04:00,2
adi,2019-10-31 00:00:00-04:00,2
adi,2019-11-30 00:00:00-05:00,2
adi,2019-12-31 00:00:00-05:00,2
adi,2020-01-31 00:00:00-05:00,2
adi,2020-02-29 00:00:00-05:00,3
adi,2020-03-31 00:00:00-04:00,4
adi,2020-04-30 00:00:00-04:00,3
adi,2020-05-31 00:00:00-04:00,2
adi,2020-06-30 00:00:00-04:00,2
adi,2020-07-31 00:00:00-04:00,4
adi,2020-08-31 00:00:00-04:00,3
adi,2020-09-30 00:00:00-04:00,3
adi,2020-10-31 00:00:00-04:00,3
adi,2020-11-30 00:00:00-05:00,3
adi,2020-12-31 00:00:00-05:00,2
adi,2021-01-31 00:00:00-05:00,3
adi,2021-02-28 00:00:00-05:00,3
adi,2021-03-31 00:00:00-04:00,3
adi,2021-04-30 00:00:00-04:00,3
adi,2021-05-31 00:00:00-04:00,4
adi,2021-06-30 00:00:00-04:00,3
adi,2021-07-31 00:00:00-04:00,3
adi,2021-08-31 00:00:00-04:00,6
adi,2021-09-30 00:00:00-04:00,5
adi,2021-10-31 00:00:00-04:00,3
adi,2021-11-30 00:00:00-05:00,3
adi,2021-12-31 00:00:00-05:00,3
adi,2022-01-31 00:00:00-05:00,4
adi,2022-02-28 00:00:00-05:00,4
adi,2022-03-31 00:00:00-04:00,4
adi,2022-04-30 00:00:00-04:00,4
adi,2022-05-31 00:00:00-04:00,4
adi,2022-06-30 00:00:00-04:00,3
adi,2022-07-31 00:00:00-04:00,3
adi,2022-08-31 00:00:00-04:00,3
adi,2022-09-30 00:00:00-04:00,3
adi,2022-10-31 00:00:00-04:00,4
adi,2022-11-30 00:00:00-05:00,4
adi,2022-12-31 00:00:00-05:00,3
adi,2023-01-31 00:00:00-05:00,3
adi,2023-02-28 00:00:00-05:00,4
adi,2023-03-31 00:00:00-04:00,3
adi,2023-04-30 00:00:00-04:00,3
adi,2023-05-31 00:00:00-04:00,4
adi,2023-06-30 00:00:00-04:00,4
aph,2018-06-30 00:00:00-04:00,3
aph,2018-07-31 00:00:00-04:00,2
aph,2018-08-31 00:00:00-04:00,2
aph,2018-09-30 00:00:00-04:00,3
aph,2018-10-31 00:00:00-04:00,4
aph,2018-11-30 00:00:00-05:00,3
aph,2018-12-31 00:00:00-05:00,4
aph,2019-01-31 00:00:00-05:00,3
aph,2019-02-28 00:00:00-05:00,2
aph,2019-03-31 00:00:00-04:00,2
aph,2019-04-30 00:00:00-04:00,3
aph,2019-05-31 00:00:00-04:00,3
aph,2019-06-30 00:00:00-04:00,3
aph,2019-07-31 00:00:00-04:00,3
aph,2019-08-31 00:00:00-04:00,3
aph,2019-09-30 00:00:00-04:00,3
aph,2019-10-31 00:00:00-04:00,2
aph,2019-11-30 00:00:00-05:00,2
aph,2019-12-31 00:00:00-05:00,2
aph,2020-01-31 00:00:00-05:00,2
aph,2020-02-29 00:00:00-05:00,3
aph,2020-03-31 00:00:00-04:00,5
aph,2020-04-30 00:00:00-04:00,5
aph,2020-05-31 00:00:00-04:00,3
aph,2020-06-30 00:00:00-04:00,3
aph,2020-07-31 00:00:00-04:00,3
aph,2020-08-31 00:00:00-04:00,2
aph,2020-09-30 00:00:00-04:00,3
aph,2020-10-31 00:00:00-04:00,3
aph,2020-11-30 00:00:00-05:00,3
aph,2020-12-31 00:00:00-05:00,2
aph,2021-01-31 00:00:00-05:00,3
aph,2021-02-28 00:00:00-05:00,3
aph,2021-03-31 00:00:00-04:00,3
aph,2021-04-30 00:00:00-04:00,3
aph,2021-05-31 00:00:00-04:00,2
aph,2021-06-30 00:00:00-04:00,2
aph,2021-07-31 00:00:00-04:00,3
aph,2021-08-31 00:00:00-04:00,2
aph,2021-09-30 00:00:00-04:00,2
aph,2021-10-31 00:00:00-04:00,2
aph,2021-11-30 00:00:00-05:00,2
aph,2021-12-31 00:00:00-05:00,2
aph,2022-01-31 00:00:00-05:00,3
aph,2022-02-28 00:00:00-05:00,3
aph,2022-03-31 00:00:00-04:00,3
aph,2022-04-30 00:00:00-04:00,3
aph,2022-05-31 00:00:00-04:00,2
aph,2022-06-30 00:00:00-04:00,2
aph,2022-07-31 00:00:00-04:00,2
aph,2022-08-31 00:00:00-04:00,1
aph,2022-09-30 00:00:00-04:00,2
aph,2022-10-31 00:00:00-04:00,2
aph,2022-11-30 00:00:00-05:00,2
aph,2022-12-31 00:00:00-05:00,2
aph,2023-01-31 00:00:00-05:00,2
aph,2023-02-28 00:00:00-05:00,3
aph,2023-03-31 00:00:00-04:00,2
aph,2023-04-30 00:00:00-04:00,3
aph,2023-05-31 00:00:00-04:00,3
aph,2023-06-30 00:00:00-04:00,2
crm,2018-06-30 00:00:00-04:00,6
crm,2018-07-31 00:00:00-04:00,5
crm,2018-08-31 00:00:00-04:00,5
crm,2018-09-30 00:00:00-04:00,5
crm,2018-10-31 00:00:00-04:00,7
crm,2018-11-30 00:00:00-05:00,8
crm,2018-12-31 00:00:00-05:00,7
crm,2019-01-31 00:00:00-05:00,6
crm,2019-02-28 00:00:00-05:00,5
crm,2019-03-31 00:00:00-04:00,6
crm,2019-04-30 00:00:00-04:00,4
crm,2019-05-31 00:00:00-04:00,5
crm,2019-06-30 00:00:00-04:00,9
crm,2019-07-31 00:00:00-04:00,5
crm,2019-08-31 00:00:00-04:00,9
crm,2019-09-30 00:00:00-04:00,5
crm,2019-10-31 00:00:00-04:00,4
crm,2019-11-30 00:00:00-05:00,5
crm,2019-12-31 00:00:00-05:00,5
crm,2020-01-31 00:00:00-05:00,5
crm,2020-02-29 00:00:00-05:00,6
crm,2020-03-31 00:00:00-04:00,10
crm,2020-04-30 00:00:00-04:00,7
crm,2020-05-31 00:00:00-04:00,7
crm,2020-06-30 00:00:00-04:00,6
crm,2020-07-31 00:00:00-04:00,5
crm,2020-08-31 00:00:00-04:00,11
crm,2020-09-30 00:00:00-04:00,8
crm,2020-10-31 00:00:00-04:00,4
crm,2020-11-30 00:00:00-05:00,8
crm,2020-12-31 00:00:00-05:00,13
crm,2021-01-31 00:00:00-05:00,8
crm,2021-02-28 00:00:00-05:00,7
crm,2021-03-31 00:00:00-04:00,8
crm,2021-04-30 00:00:00-04:00,5
crm,2021-05-31 00:00:00-04:00,7
crm,2021-06-30 00:00:00-04:00,6
crm,2021-07-31 00:00:00-04:00,6
crm,2021-08-31 00:00:00-04:00,6
crm,2021-09-30 00:00:00-04:00,6
crm,2021-10-31 00:00:00-04:00,4
crm,2021-11-30 00:00:00-05:00,5
crm,2021-12-31 00:00:00-05:00,7
crm,2022-01-31 00:00:00-05:00,8
crm,2022-02-28 00:00:00-05:00,7
crm,2022-03-31 00:00:00-04:00,7
crm,2022-04-30 00:00:00-04:00,7
crm,2022-05-31 00:00:00-04:00,8
crm,2022-06-30 00:00:00-04:00,10
crm,2022-07-31 00:00:00-04:00,5
crm,2022-08-31 00:00:00-04:00,6
crm,2022-09-30 00:00:00-04:00,7
crm,2022-10-31 00:00:00-04:00,7
crm,2022-11-30 00:00:00-05:00,8
crm,2022-12-31 00:00:00-05:00,12
crm,2023-01-31 00:00:00-05:00,10
crm,2023-02-28 00:00:00-05:00,7
crm,2023-03-31 00:00:00-04:00,10
crm,2023-04-30 00:00:00-04:00,5
crm,2023-05-31 00:00:00-04:00,6
crm,2023-06-30 00:00:00-04:00,10
csco,2018-06-30 00:00:00-04:00,25
csco,2018-07-31 00:00:00-04:00,21
csco,2018-08-31 00:00:00-04:00,19
csco,2018-09-30 00:00:00-04:00,19
csco,2018-10-31 00:00:00-04:00,24
csco,2018-11-30 00:00:00-05:00,25
csco,2018-12-31 00:00:00-05:00,32
csco,2019-01-31 00:00:00-05:00,21
csco,2019-02-28 00:00:00-05:00,22
csco,2019-03-31 00:00:00-04:00,21
csco,2019-04-30 00:00:00-04:00,17
csco,2019-05-31 00:00:00-04:00,23
csco,2019-06-30 00:00:00-04:00,27
csco,2019-07-31 00:00:00-04:00,15
csco,2019-08-31 00:00:00-04:00,23
csco,2019-09-30 00:00:00-04:00,18
csco,2019-10-31 00:00:00-04:00,18
csco,2019-11-30 00:00:00-05:00,22
csco,2019-12-31 00:00:00-05:00,20
csco,2020-01-31 00:00:00-05:00,18
csco,2020-02-29 00:00:00-05:00,30
csco,2020-03-31 00:00:00-04:00,45
csco,2020-04-30 00:00:00-04:00,23
csco,2020-05-31 00:00:00-04:00,25
csco,2020-06-30 00:00:00-04:00,26
csco,2020-07-31 00:00:00-04:00,18
csco,2020-08-31 00:00:00-04:00,23
csco,2020-09-30 00:00:00-04:00,26
csco,2020-10-31 00:00:00-04:00,23
csco,2020-11-30 00:00:00-05:00,27
csco,2020-12-31 00:00:00-05:00,17
csco,2021-01-31 00:00:00-05:00,21
csco,2021-02-28 00:00:00-05:00,21
csco,2021-03-31 00:00:00-04:00,25
csco,2021-04-30 00:00:00-04:00,17
csco,2021-05-31 00:00:00-04:00,23
csco,2021-06-30 00:00:00-04:00,16
csco,2021-07-31 00:00:00-04:00,15
csco,2021-08-31 00:00:00-04:00,16
csco,2021-09-30 00:00:00-04:00,18
csco,2021-10-31 00:00:00-04:00,14
csco,2021-11-30 00:00:00-05:00,24
csco,2021-12-31 00:00:00-05:00,21
csco,2022-01-31 00:00:00-05:00,24
csco,2022-02-28 00:00:00-05:00,22
csco,2022-03-31 00:00:00-04:00,22
csco,2022-04-30 00:00:00-04:00,19
csco,2022-05-31 00:00:00-04:00,31
csco,2022-06-30 00:00:00-04:00,23
csco,2022-07-31 00:00:00-04:00,18
csco,2022-08-31 00:00:00-04:00,19
csco,2022-09-30 00:00:00-04:00,19
csco,2022-10-31 00:00:00-04:00,20
csco,2022-11-30 00:00:00-05:00,20
csco,2022-12-31 00:00:00-05:00,18
csco,2023-01-31 00:00:00-05:00,16
csco,2023-02-28 00:00:00-05:00,20
csco,2023-03-31 00:00:00-04:00,19
csco,2023-04-30 00:00:00-04:00,18
csco,2023-05-31 00:00:00-04:00,20
csco,2023-06-30 00:00:00-04:00,16
goog,2018-06-30 00:00:00-04:00,30
goog,2018-07-31 00:00:00-04:00,30
goog,2018-08-31 00:00:00-04:00,25
goog,2018-09-30 00:00:00-04:00,30
goog,2018-10-31 00:00:00-04:00,42
goog,2018-11-30 00:00:00-05:00,35
goog,2018-12-31 00:00:00-05:00,42
goog,2019-01-31 00:00:00-05:00,29
goog,2019-02-28 00:00:00-05:00,30
goog,2019-03-31 00:00:00-04:00,30
goog,2019-04-30 00:00:00-04:00,27
goog,2019-05-31 00:00:00-04:00,30
goog,2019-06-30 00:00:00-04:00,34
goog,2019-07-31 00:00:00-04:00,30
goog,2019-08-31 00:00:00-04:00,26
goog,2019-09-30 00:00:00-04:00,27
goog,2019-10-31 00:00:00-04:00,25
goog,2019-11-30 00:00:00-05:00,25
goog,2019-12-31 00:00:00-05:00,26
goog,2020-01-31 00:00:00-05:00,32
goog,2020-02-29 00:00:00-05:00,39
goog,2020-03-31 00:00:00-04:00,65
goog,2020-04-30 00:00:00-04:00,44
goog,2020-05-31 00:00:00-04:00,32
goog,2020-06-30 00:00:00-04:00,35
goog,2020-07-31 00:00:00-04:00,32
goog,2020-08-31 00:00:00-04:00,36
goog,2020-09-30 00:00:00-04:00,39
goog,2020-10-31 00:00:00-04:00,36
goog,2020-11-30 00:00:00-05:00,35
goog,2020-12-31 00:00:00-05:00,29
goog,2021-01-31 00:00:00-05:00,35
goog,2021-02-28 00:00:00-05:00,31
goog,2021-03-31 00:00:00-04:00,30
goog,2021-04-30 00:00:00-04:00,29
goog,2021-05-31 00:00:00-04:00,25
goog,2021-06-30 00:00:00-04:00,25
goog,2021-07-31 00:00:00-04:00,22
goog,2021-08-31 00:00:00-04:00,17
goog,2021-09-30 00:00:00-04:00,24
goog,2021-10-31 00:00:00-04:00,24
goog,2021-11-30 00:00:00-05:00,21
goog,2021-12-31 00:00:00-05:00,22
goog,2022-01-31 00:00:00-05:00,31
goog,2022-02-28 00:00:00-05:00,39
goog,2022-03-31 00:00:00-04:00,28
goog,2022-04-30 00:00:00-04:00,28
goog,2022-05-31 00:00:00-04:00,34
goog,2022-06-30 00:00:00-04:00,30
goog,2022-07-31 00:00:00-04:00,32
goog,2022-08-31 00:00:00-04:00,19
goog,2022-09-30 00:00:00-04:00,25
goog,2022-10-31 00:00:00-04:00,28
goog,2022-11-30 00:00:00-05:00,29
goog,2022-12-31 00:00:00-05:00,24
goog,2023-01-31 00:00:00-05:00,26
goog,2023-02-28 00:00:00-05:00,40
goog,2023-03-31 00:00:00-04:00,32
goog,2023-04-30 00:00:00-04:00,24
goog,2023-05-31 00:00:00-04:00,28
goog,2023-06-30 00:00:00-04:00,23
ibm,2018-06-30 00:00:00-04:00,5
ibm,2018-07-31 00:00:00-04:00,5
ibm,2018-08-31 00:00:00-04:00,4
ibm,2018-09-30 00:00:00-04:00,5
ibm,2018-10-31 00:00:00-04:00,9
ibm,2018-11-30 00:00:00-05:00,7
ibm,2018-12-31 00:00:00-05:00,6
ibm,2019-01-31 00:00:00-05:00,6
ibm,2019-02-28 00:00:00-05:00,4
ibm,2019-03-31 00:00:00-04:00,4
ibm,2019-04-30 00:00:00-04:00,4
ibm,2019-05-31 00:00:00-04:00,4
ibm,2019-06-30 00:00:00-04:00,3
ibm,2019-07-31 00:00:00-04:00,4
ibm,2019-08-31 00:00:00-04:00,5
ibm,2019-09-30 00:00:00-04:00,3
ibm,2019-10-31 00:00:00-04:00,4
ibm,2019-11-30 00:00:00-05:00,3
ibm,2019-12-31 00:00:00-05:00,4
ibm,2020-01-31 00:00:00-05:00,6
ibm,2020-02-29 00:00:00-05:00,7
ibm,2020-03-31 00:00:00-04:00,9
ibm,2020-04-30 00:00:00-04:00,7
ibm,2020-05-31 00:00:00-04:00,5
ibm,2020-06-30 00:00:00-04:00,6
ibm,2020-07-31 00:00:00-04:00,5
ibm,2020-08-31 00:00:00-04:00,4
ibm,2020-09-30 00:00:00-04:00,4
ibm,2020-10-31 00:00:00-04:00,8
ibm,2020-11-30 00:00:00-05:00,5
ibm,2020-12-31 00:00:00-05:00,5
ibm,2021-01-31 00:00:00-05:00,10
ibm,2021-02-28 00:00:00-05:00,6
ibm,2021-03-31 00:00:00-04:00,6
ibm,2021-04-30 00:00:00-04:00,6
ibm,2021-05-31 00:00:00-04:00,5
ibm,2021-06-30 00:00:00-04:00,4
ibm,2021-07-31 00:00:00-04:00,6
ibm,2021-08-31 00:00:00-04:00,3
ibm,2021-09-30 00:00:00-04:00,4
ibm,2021-10-31 00:00:00-04:00,7
ibm,2021-11-30 00:00:00-05:00,6
ibm,2021-12-31 00:00:00-05:00,5
ibm,2022-01-31 00:00:00-05:00,7
ibm,2022-02-28 00:00:00-05:00,5
ibm,2022-03-31 00:00:00-04:00,4
ibm,2022-04-30 00:00:00-04:00,5
ibm,2022-05-31 00:00:00-04:00,5
ibm,2022-06-30 00:00:00-04:00,5
ibm,2022-07-31 00:00:00-04:00,6
ibm,2022-08-31 00:00:00-04:00,3
ibm,2022-09-30 00:00:00-04:00,4
ibm,2022-10-31 00:00:00-04:00,5
ibm,2022-11-30 00:00:00-05:00,4
ibm,2022-12-31 00:00:00-05:00,4
ibm,2023-01-31 00:00:00-05:00,5
ibm,2023-02-28 00:00:00-05:00,4
ibm,2023-03-31 00:00:00-04:00,6
ibm,2023-04-30 00:00:00-04:00,4
ibm,2023-05-31 00:00:00-04:00,4
ibm,2023-06-30 00:00:00-04:00,4
infy,2018-06-30 00:00:00-04:00,12
infy,2018-07-31 00:00:00-04:00,14
infy,2018-08-31 00:00:00-04:00,8
infy,2018-09-30 00:00:00-04:00,9
infy,2018-10-31 00:00:00-04:00,13
infy,2018-11-30 00:00:00-05:00,7
infy,2018-12-31 00:00:00-05:00,10
infy,2019-01-31 00:00:00-05:00,12
infy,2019-02-28 00:00:00-05:00,7
infy,2019-03-31 00:00:00-04:00,7
infy,2019-04-30 00:00:00-04:00,12
infy,2019-05-31 00:00:00-04:00,13
infy,2019-06-30 00:00:00-04:00,8
infy,2019-07-31 00:00:00-04:00,12
infy,2019-08-31 00:00:00-04:00,9
infy,2019-09-30 00:00:00-04:00,12
infy,2019-10-31 00:00:00-04:00,24
infy,2019-11-30 00:00:00-05:00,13
infy,2019-12-31 00:00:00-05:00,8
infy,2020-01-31 00:00:00-05:00,16
infy,2020-02-29 00:00:00-05:00,12
infy,2020-03-31 00:00:00-04:00,20
infy,2020-04-30 00:00:00-04:00,11
infy,2020-05-31 00:00:00-04:00,10
infy,2020-06-30 00:00:00-04:00,10
infy,2020-07-31 00:00:00-04:00,14
infy,2020-08-31 00:00:00-04:00,8
infy,2020-09-30 00:00:00-04:00,8
infy,2020-10-31 00:00:00-04:00,13
infy,2020-11-30 00:00:00-05:00,7
infy,2020-12-31 00:00:00-05:00,8
infy,2021-01-31 00:00:00-05:00,10
infy,2021-02-28 00:00:00-05:00,8
infy,2021-03-31 00:00:00-04:00,9
infy,2021-04-30 00:00:00-04:00,7
infy,2021-05-31 00:00:00-04:00,5
infy,2021-06-30 00:00:00-04:00,7
infy,2021-07-31 00:00:00-04:00,6
infy,2021-08-31 00:00:00-04:00,5
infy,2021-09-30 00:00:00-04:00,6
infy,2021-10-31 00:00:00-04:00,10
infy,2021-11-30 00:00:00-05:00,6
infy,2021-12-31 00:00:00-05:00,5
infy,2022-01-31 00:00:00-05:00,12
infy,2022-02-28 00:00:00-05:00,11
infy,2022-03-31 00:00:00-04:00,10
infy,2022-04-30 00:00:00-04:00,13
infy,2022-05-31 00:00:00-04:00,11
infy,2022-06-30 00:00:00-04:00,9
infy,2022-07-31 00:00:00-04:00,10
infy,2022-08-31 00:00:00-04:00,6
infy,2022-09-30 00:00:00-04:00,12
infy,2022-10-31 00:00:00-04:00,10
infy,2022-11-30 00:00:00-05:00,6
infy,2022-12-31 00:00:00-05:00,8
infy,2023-01-31 00:00:00-05:00,8
infy,2023-02-28 00:00:00-05:00,8
infy,2023-03-31 00:00:00-04:00,9
infy,2023-04-30 00:00:00-04:00,14
infy,2023-05-31 00:00:00-04:00,10
infy,2023-06-30 00:00:00-04:00,9
intc,2018-06-30 00:00:00-04:00,34
intc,2018-07-31 00:00:00-04:00,23
intc,2018-08-31 00:00:00-04:00,22
intc,2018-09-30 00:00:00-04:00,24
intc,2018-10-31 00:00:00-04:00,34
intc,2018-11-30 00:00:00-05:00,26
intc,2018-12-31 00:00:00-05:00,30
intc,2019-01-31 00:00:00-05:00,30
intc,2019-02-28 00:00:00-05:00,22
intc,2019-03-31 00:00:00-04:00,21
intc,2019-04-30 00:00:00-04:00,22
intc,2019-05-31 00:00:00-04:00,29
intc,2019-06-30 00:00:00-04:00,21
intc,2019-07-31 00:00:00-04:00,20
intc,2019-08-31 00:00:00-04:00,24
intc,2019-09-30 00:00:00-04:00,19
intc,2019-10-31 00:00:00-04:00,19
intc,2019-11-30 00:00:00-05:00,16
intc,2019-12-31 00:00:00-05:00,20
intc,2020-01-31 00:00:00-05:00,25
intc,2020-02-29 00:00:00-05:00,23
intc,2020-03-31 00:00:00-04:00,44
intc,2020-04-30 00:00:00-04:00,29
intc,2020-05-31 00:00:00-04:00,20
intc,2020-06-30 00:00:00-04:00,26
intc,2020-07-31 00:00:00-04:00,37
intc,2020-08-31 00:00:00-04:00,32
intc,2020-09-30 00:00:00-04:00,32
intc,2020-10-31 00:00:00-04:00,34
intc,2020-11-30 00:00:00-05:00,34
intc,2020-12-31 00:00:00-05:00,40
intc,2021-01-31 00:00:00-05:00,51
intc,2021-02-28 00:00:00-05:00,27
intc,2021-03-31 00:00:00-04:00,34
intc,2021-04-30 00:00:00-04:00,31
intc,2021-05-31 00:00:00-04:00,25
intc,2021-06-30 00:00:00-04:00,23
intc,2021-07-31 00:00:00-04:00,25
intc,2021-08-31 00:00:00-04:00,18
intc,2021-09-30 00:00:00-04:00,20
intc,2021-10-31 00:00:00-04:00,32
intc,2021-11-30 00:00:00-05:00,29
intc,2021-12-31 00:00:00-05:00,32
intc,2022-01-31 00:00:00-05:00,45
intc,2022-02-28 00:00:00-05:00,40
intc,2022-03-31 00:00:00-04:00,37
intc,2022-04-30 00:00:00-04:00,32
intc,2022-05-31 00:00:00-04:00,37
intc,2022-06-30 00:00:00-04:00,37
intc,2022-07-31 00:00:00-04:00,40
intc,2022-08-31 00:00:00-04:00,39
intc,2022-09-30 00:00:00-04:00,42
intc,2022-10-31 00:00:00-04:00,47
intc,2022-11-30 00:00:00-05:00,38
intc,2022-12-31 00:00:00-05:00,36
intc,2023-01-31 00:00:00-05:00,42
intc,2023-02-28 00:00:00-05:00,46
intc,2023-03-31 00:00:00-04:00,52
intc,2023-04-30 00:00:00-04:00,38
intc,2023-05-31 00:00:00-04:00,44
intc,2023-06-30 00:00:00-04:00,45
intu,2018-06-30 00:00:00-04:00,2
intu,2018-07-31 00:00:00-04:00,1
intu,2018-08-31 00:00:00-04:00,1
intu,2018-09-30 00:00:00-04:00,2
intu,2018-10-31 00:00:00-04:00,2
intu,2018-11-30 00:00:00-05:00,2
intu,2018-12-31 00:00:00-05:00,2
intu,2019-01-31 00:00:00-05:00,1
intu,2019-02-28 00:00:00-05:00,2
intu,2019-03-31 00:00:00-04:00,1
intu,2019-04-30 00:00:00-04:00,2
intu,2019-05-31 00:00:00-04:00,1
intu,2019-06-30 00:00:00-04:00,1
intu,2019-07-31 00:00:00-04:00,1
intu,2019-08-31 00:00:00-04:00,1
intu,2019-09-30 00:00:00-04:00,1
intu,2019-10-31 00:00:00-04:00,1
intu,2019-11-30 00:00:00-05:00,2
intu,2019-12-31 00:00:00-05:00,1
intu,2020-01-31 00:00:00-05:00,1
intu,2020-02-29 00:00:00-05:00,1
intu,2020-03-31 00:00:00-04:00,2
intu,2020-04-30 00:00:00-04:00,1
intu,2020-05-31 00:00:00-04:00,1
intu,2020-06-30 00:00:00-04:00,1
intu,2020-07-31 00:00:00-04:00,1
intu,2020-08-31 00:00:00-04:00,1
intu,2020-09-30 00:00:00-04:00,1
intu,2020-10-31 00:00:00-04:00,1
intu,2020-11-30 00:00:00-05:00,1
intu,2020-12-31 00:00:00-05:00,1
intu,2021-01-31 00:00:00-05:00,1
intu,2021-02-28 00:00:00-05:00,1
intu,2021-03-31 00:00:00-04:00,2
intu,2021-04-30 00:00:00-04:00,1
intu,2021-05-31 00:00:00-04:00,1
intu,2021-06-30 00:00:00-04:00,1
intu,2021-07-31 00:00:00-04:00,1
intu,2021-08-31 00:00:00-04:00,1
intu,2021-09-30 00:00:00-04:00,1
intu,2021-10-31 00:00:00-04:00,1
intu,2021-11-30 00:00:00-05:00,2
intu,2021-12-31 00:00:00-05:00,2
intu,2022-01-31 00:00:00-05:00,2
intu,2022-02-28 00:00:00-05:00,2
intu,2022-03-31 00:00:00-04:00,2
intu,2022-04-30 00:00:00-04:00,2
intu,2022-05-31 00:00:00-04:00,2
intu,2022-06-30 00:00:00-04:00,2
intu,2022-07-31 00:00:00-04:00,1
intu,2022-08-31 00:00:00-04:00,1
intu,2022-09-30 00:00:00-04:00,2
intu,2022-10-31 00:00:00-04:00,2
intu,2022-11-30 00:00:00-05:00,2
intu,2022-12-31 00:00:00-05:00,2
intu,2023-01-31 00:00:00-05:00,1
intu,2023-02-28 00:00:00-05:00,2
intu,2023-03-31 00:00:00-04:00,2
intu,2023-04-30 00:00:00-04:00,1
intu,2023-05-31 00:00:00-04:00,2
intu,2023-06-30 00:00:00-04:00,2
meta,2018-06-30 00:00:00-04:00,20
meta,2018-07-31 00:00:00-04:00,31
meta,2018-08-31 00:00:00-04:00,24
meta,2018-09-30 00:00:00-04:00,26
meta,2018-10-31 00:00:00-04:00,27
meta,2018-11-30 00:00:00-05:00,25
meta,2018-12-31 00:00:00-05:00,29
meta,2019-01-31 00:00:00-05:00,25
meta,2019-02-28 00:00:00-05:00,16
meta,2019-03-31 00:00:00-04:00,18
meta,2019-04-30 00:00:00-04:00,18
meta,2019-05-31 00:00:00-04:00,13
meta,2019-06-30 00:00:00-04:00,21
meta,2019-07-31 00:00:00-04:00,16
meta,2019-08-31 00:00:00-04:00,13
meta,2019-09-30 00:00:00-04:00,13
meta,2019-10-31 00:00:00-04:00,14
meta,2019-11-30 00:00:00-05:00,13
meta,2019-12-31 00:00:00-05:00,13
meta,2020-01-31 00:00:00-05:00,17
meta,2020-02-29 00:00:00-05:00,17
meta,2020-03-31 00:00:00-04:00,30
meta,2020-04-30 00:00:00-04:00,26
meta,2020-05-31 00:00:00-04:00,25
meta,2020-06-30 00:00:00-04:00,25
meta,2020-07-31 00:00:00-04:00,24
meta,2020-08-31 00:00:00-04:00,27
meta,2020-09-30 00:00:00-04:00,24
meta,2020-10-31 00:00:00-04:00,21
meta,2020-11-30 00:00:00-05:00,18
meta,2020-12-31 00:00:00-05:00,17
meta,2021-01-31 00:00:00-05:00,24
meta,2021-02-28 00:00:00-05:00,17
meta,2021-03-31 00:00:00-04:00,22
meta,2021-04-30 00:00:00-04:00,20
meta,2021-05-31 00:00:00-04:00,18
meta,2021-06-30 00:00:00-04:00,16
meta,2021-07-31 00:00:00-04:00,16
meta,2021-08-31 00:00:00-04:00,10
meta,2021-09-30 00:00:00-04:00,16
meta,2021-10-31 00:00:00-04:00,28
meta,2021-11-30 00:00:00-05:00,21
meta,2021-12-31 00:00:00-05:00,20
meta,2022-01-31 00:00:00-05:00,21
meta,2022-02-28 00:00:00-05:00,59
meta,2022-03-31 00:00:00-04:00,32
meta,2022-04-30 00:00:00-04:00,34
meta,2022-05-31 00:00:00-04:00,32
meta,2022-06-30 00:00:00-04:00,33
meta,2022-07-31 00:00:00-04:00,29
meta,2022-08-31 00:00:00-04:00,24
meta,2022-09-30 00:00:00-04:00,30
meta,2022-10-31 00:00:00-04:00,53
meta,2022-11-30 00:00:00-05:00,51
meta,2022-12-31 00:00:00-05:00,31
meta,2023-01-31 00:00:00-05:00,27
meta,2023-02-28 00:00:00-05:00,41
meta,2023-03-31 00:00:00-04:00,30
meta,2023-04-30 00:00:00-04:00,24
meta,2023-05-31 00:00:00-04:00,22
meta,2023-06-30 00:00:00-04:00,20
msft,2018-06-30 00:00:00-04:00,32
msft,2018-07-31 00:00:00-04:00,27
msft,2018-08-31 00:00:00-04:00,20
msft,2018-09-30 00:00:00-04:00,25
msft,2018-10-31 00:00:00-04:00,40
msft,2018-11-30 00:00:00-05:00,34
msft,2018-12-31 00:00:00-05:00,50
msft,2019-01-31 00:00:00-05:00,34
msft,2019-02-28 00:00:00-05:00,25
msft,2019-03-31 00:00:00-04:00,28
msft,2019-04-30 00:00:00-04:00,21
msft,2019-05-31 00:00:00-04:00,25
msft,2019-06-30 00:00:00-04:00,25
msft,2019-07-31 00:00:00-04:00,22
msft,2019-08-31 00:00:00-04:00,27
msft,2019-09-30 00:00:00-04:00,24
msft,2019-10-31 00:00:00-04:00,24
msft,2019-11-30 00:00:00-05:00,20
msft,2019-12-31 00:00:00-05:00,21
msft,2020-01-31 00:00:00-05:00,27
msft,2020-02-29 00:00:00-05:00,47
msft,2020-03-31 00:00:00-04:00,73
msft,2020-04-30 00:00:00-04:00,47
msft,2020-05-31 00:00:00-04:00,34
msft,2020-06-30 00:00:00-04:00,35
msft,2020-07-31 00:00:00-04:00,35
msft,2020-08-31 00:00:00-04:00,33
msft,2020-09-30 00:00:00-04:00,37
msft,2020-10-31 00:00:00-04:00,29
msft,2020-11-30 00:00:00-05:00,29
msft,2020-12-31 00:00:00-05:00,27
msft,2021-01-31 00:00:00-05:00,34
msft,2021-02-28 00:00:00-05:00,26
msft,2021-03-31 00:00:00-04:00,32
msft,2021-04-30 00:00:00-04:00,27
msft,2021-05-31 00:00:00-04:00,25
msft,2021-06-30 00:00:00-04:00,23
msft,2021-07-31 00:00:00-04:00,25
msft,2021-08-31 00:00:00-04:00,20
msft,2021-09-30 00:00:00-04:00,24
msft,2021-10-31 00:00:00-04:00,25
msft,2021-11-30 00:00:00-05:00,24
msft,2021-12-31 00:00:00-05:00,28
msft,2022-01-31 00:00:00-05:00,47
msft,2022-02-28 00:00:00-05:00,37
msft,2022-03-31 00:00:00-04:00,32
msft,2022-04-30 00:00:00-04:00,31
msft,2022-05-31 00:00:00-04:00,35
msft,2022-06-30 00:00:00-04:00,30
msft,2022-07-31 00:00:00-04:00,27
msft,2022-08-31 00:00:00-04:00,21
msft,2022-09-30 00:00:00-04:00,27
msft,2022-10-31 00:00:00-04:00,32
msft,2022-11-30 00:00:00-05:00,29
msft,2022-12-31 00:00:00-05:00,28
msft,2023-01-31 00:00:00-05:00,33
msft,2023-02-28 00:00:00-05:00,32
msft,2023-03-31 00:00:00-04:00,33
msft,2023-04-30 00:00:00-04:00,29
msft,2023-05-31 00:00:00-04:00,27
msft,2023-06-30 00:00:00-04:00,25
now,2018-06-30 00:00:00-04:00,2
now,2018-07-31 00:00:00-04:00,2
now,2018-08-31 00:00:00-04:00,1
now,2018-09-30 00:00:00-04:00,2
now,2018-10-31 00:00:00-04:00,3
now,2018-11-30 00:00:00-05:00,2
now,2018-12-31 00:00:00-05:00,2
now,2019-01-31 00:00:00-05:00,2
now,2019-02-28 00:00:00-05:00,2
now,2019-03-31 00:00:00-04:00,2
now,2019-04-30 00:00:00-04:00,2
now,2019-05-31 00:00:00-04:00,2
now,2019-06-30 00:00:00-04:00,2
now,2019-07-31 00:00:00-04:00,2
now,2019-08-31 00:00:00-04:00,2
now,2019-09-30 00:00:00-04:00,2
now,2019-10-31 00:00:00-04:00,3
now,2019-11-30 00:00:00-05:00,4
now,2019-12-31 00:00:00-05:00,2
now,2020-01-31 00:00:00-05:00,2
now,2020-02-29 00:00:00-05:00,2
now,2020-03-31 00:00:00-04:00,3
now,2020-04-30 00:00:00-04:00,3
now,2020-05-31 00:00:00-04:00,2
now,2020-06-30 00:00:00-04:00,2
now,2020-07-31 00:00:00-04:00,2
now,2020-08-31 00:00:00-04:00,2
now,2020-09-30 00:00:00-04:00,1
now,2020-10-31 00:00:00-04:00,1
now,2020-11-30 00:00:00-05:00,1
now,2020-12-31 00:00:00-05:00,1
now,2021-01-31 00:00:00-05:00,2
now,2021-02-28 00:00:00-05:00,1
now,2021-03-31 00:00:00-04:00,2
now,2021-04-30 00:00:00-04:00,2
now,2021-05-31 00:00:00-04:00,2
now,2021-06-30 00:00:00-04:00,1
now,2021-07-31 00:00:00-04:00,1
now,2021-08-31 00:00:00-04:00,1
now,2021-09-30 00:00:00-04:00,1
now,2021-10-31 00:00:00-04:00,1
now,2021-11-30 00:00:00-05:00,1
now,2021-12-31 00:00:00-05:00,1
now,2022-01-31 00:00:00-05:00,3
now,2022-02-28 00:00:00-05:00,1
now,2022-03-31 00:00:00-04:00,2
now,2022-04-30 00:00:00-04:00,2
now,2022-05-31 00:00:00-04:00,2
now,2022-06-30 00:00:00-04:00,1
now,2022-07-31 00:00:00-04:00,2
now,2022-08-31 00:00:00-04:00,1
now,2022-09-30 00:00:00-04:00,2
now,2022-10-31 00:00:00-04:00,2
now,2022-11-30 00:00:00-05:00,2
now,2022-12-31 00:00:00-05:00,1
now,2023-01-31 00:00:00-05:00,2
now,2023-02-28 00:00:00-05:00,2
now,2023-03-31 00:00:00-04:00,1
now,2023-04-30 00:00:00-04:00,2
now,2023-05-31 00:00:00-04:00,2
now,2023-06-30 00:00:00-04:00,1
nvda,2018-06-30 00:00:00-04:00,44
nvda,2018-07-31 00:00:00-04:00,30
nvda,2018-08-31 00:00:00-04:00,47
nvda,2018-09-30 00:00:00-04:00,33
nvda,2018-10-31 00:00:00-04:00,56
nvda,2018-11-30 00:00:00-05:00,77
nvda,2018-12-31 00:00:00-05:00,66
nvda,2019-01-31 00:00:00-05:00,80
nvda,2019-02-28 00:00:00-05:00,60
nvda,2019-03-31 00:00:00-04:00,57
nvda,2019-04-30 00:00:00-04:00,45
nvda,2019-05-31 00:00:00-04:00,51
nvda,2019-06-30 00:00:00-04:00,41
nvda,2019-07-31 00:00:00-04:00,38
nvda,2019-08-31 00:00:00-04:00,43
nvda,2019-09-30 00:00:00-04:00,32
nvda,2019-10-31 00:00:00-04:00,33
nvda,2019-11-30 00:00:00-05:00,37
nvda,2019-12-31 00:00:00-05:00,31
nvda,2020-01-31 00:00:00-05:00,29
nvda,2020-02-29 00:00:00-05:00,62
nvda,2020-03-31 00:00:00-04:00,72
nvda,2020-04-30 00:00:00-04:00,54
nvda,2020-05-31 00:00:00-04:00,63
nvda,2020-06-30 00:00:00-04:00,44
nvda,2020-07-31 00:00:00-04:00,37
nvda,2020-08-31 00:00:00-04:00,46
nvda,2020-09-30 00:00:00-04:00,76
nvda,2020-10-31 00:00:00-04:00,36
nvda,2020-11-30 00:00:00-05:00,38
nvda,2020-12-31 00:00:00-05:00,23
nvda,2021-01-31 00:00:00-05:00,32
nvda,2021-02-28 00:00:00-05:00,35
nvda,2021-03-31 00:00:00-04:00,33
nvda,2021-04-30 00:00:00-04:00,32
nvda,2021-05-31 00:00:00-04:00,35
nvda,2021-06-30 00:00:00-04:00,47
nvda,2021-07-31 00:00:00-04:00,37
nvda,2021-08-31 00:00:00-04:00,29
nvda,2021-09-30 00:00:00-04:00,24
nvda,2021-10-31 00:00:00-04:00,24
nvda,2021-11-30 00:00:00-05:00,51
nvda,2021-12-31 00:00:00-05:00,50
nvda,2022-01-31 00:00:00-05:00,53
nvda,2022-02-28 00:00:00-05:00,56
nvda,2022-03-31 00:00:00-04:00,51
nvda,2022-04-30 00:00:00-04:00,56
nvda,2022-05-31 00:00:00-04:00,66
nvda,2022-06-30 00:00:00-04:00,50
nvda,2022-07-31 00:00:00-04:00,53
nvda,2022-08-31 00:00:00-04:00,52
nvda,2022-09-30 00:00:00-04:00,63
nvda,2022-10-31 00:00:00-04:00,60
nvda,2022-11-30 00:00:00-05:00,50
nvda,2022-12-31 00:00:00-05:00,43
nvda,2023-01-31 00:00:00-05:00,47
nvda,2023-02-28 00:00:00-05:00,55
nvda,2023-03-31 00:00:00-04:00,49
nvda,2023-04-30 00:00:00-04:00,39
nvda,2023-05-31 00:00:00-04:00,53
nvda,2023-06-30 00:00:00-04:00,47
orcl,2018-06-30 00:00:00-04:00,29
orcl,2018-07-31 00:00:00-04:00,20
orcl,2018-08-31 00:00:00-04:00,14
orcl,2018-09-30 00:00:00-04:00,22
orcl,2018-10-31 00:00:00-04:00,19
orcl,2018-11-30 00:00:00-05:00,18
orcl,2018-12-31 00:00:00-05:00,28
orcl,2019-01-31 00:00:00-05:00,15
orcl,2019-02-28 00:00:00-05:00,14
orcl,2019-03-31 00:00:00-04:00,18
orcl,2019-04-30 00:00:00-04:00,9
orcl,2019-05-31 00:00:00-04:00,11
orcl,2019-06-30 00:00:00-04:00,21
orcl,2019-07-31 00:00:00-04:00,11
orcl,2019-08-31 00:00:00-04:00,10
orcl,2019-09-30 00:00:00-04:00,17
orcl,2019-10-31 00:00:00-04:00,11
orcl,2019-11-30 00:00:00-05:00,8
orcl,2019-12-31 00:00:00-05:00,13
orcl,2020-01-31 00:00:00-05:00,10
orcl,2020-02-29 00:00:00-05:00,10
orcl,2020-03-31 00:00:00-04:00,23
orcl,2020-04-30 00:00:00-04:00,12
orcl,2020-05-31 00:00:00-04:00,11
orcl,2020-06-30 00:00:00-04:00,15
orcl,2020-07-31 00:00:00-04:00,12
orcl,2020-08-31 00:00:00-04:00,10
orcl,2020-09-30 00:00:00-04:00,20
orcl,2020-10-31 00:00:00-04:00,10
orcl,2020-11-30 00:00:00-05:00,9
orcl,2020-12-31 00:00:00-05:00,13
orcl,2021-01-31 00:00:00-05:00,9
orcl,2021-02-28 00:00:00-05:00,11
orcl,2021-03-31 00:00:00-04:00,17
orcl,2021-04-30 00:00:00-04:00,13
orcl,2021-05-31 00:00:00-04:00,11
orcl,2021-06-30 00:00:00-04:00,13
orcl,2021-07-31 00:00:00-04:00,13
orcl,2021-08-31 00:00:00-04:00,7
orcl,2021-09-30 00:00:00-04:00,14
orcl,2021-10-31 00:00:00-04:00,8
orcl,2021-11-30 00:00:00-05:00,7
orcl,2021-12-31 00:00:00-05:00,12
orcl,2022-01-31 00:00:00-05:00,10
orcl,2022-02-28 00:00:00-05:00,8
orcl,2022-03-31 00:00:00-04:00,11
orcl,2022-04-30 00:00:00-04:00,7
orcl,2022-05-31 00:00:00-04:00,8
orcl,2022-06-30 00:00:00-04:00,10
orcl,2022-07-31 00:00:00-04:00,6
orcl,2022-08-31 00:00:00-04:00,5
orcl,2022-09-30 00:00:00-04:00,11
orcl,2022-10-31 00:00:00-04:00,10
orcl,2022-11-30 00:00:00-05:00,7
orcl,2022-12-31 00:00:00-05:00,8
orcl,2023-01-31 00:00:00-05:00,7
orcl,2023-02-28 00:00:00-05:00,6
orcl,2023-03-31 00:00:00-04:00,8
orcl,2023-04-30 00:00:00-04:00,7
orcl,2023-05-31 00:00:00-04:00,8
orcl,2023-06-30 00:00:00-04:00,16
pypl,2018-06-30 00:00:00-04:00,8
pypl,2018-07-31 00:00:00-04:00,8
pypl,2018-08-31 00:00:00-04:00,6
pypl,2018-09-30 00:00:00-04:00,8
pypl,2018-10-31 00:00:00-04:00,13
pypl,2018-11-30 00:00:00-05:00,8
pypl,2018-12-31 00:00:00-05:00,9
pypl,2019-01-31 00:00:00-05:00,10
pypl,2019-02-28 00:00:00-05:00,7
pypl,2019-03-31 00:00:00-04:00,6
pypl,2019-04-30 00:00:00-04:00,7
pypl,2019-05-31 00:00:00-04:00,5
pypl,2019-06-30 00:00:00-04:00,6
pypl,2019-07-31 00:00:00-04:00,7
pypl,2019-08-31 00:00:00-04:00,7
pypl,2019-09-30 00:00:00-04:00,7
pypl,2019-10-31 00:00:00-04:00,7
pypl,2019-11-30 00:00:00-05:00,7
pypl,2019-12-31 00:00:00-05:00,6
pypl,2020-01-31 00:00:00-05:00,8
pypl,2020-02-29 00:00:00-05:00,8
pypl,2020-03-31 00:00:00-04:00,13
pypl,2020-04-30 00:00:00-04:00,9
pypl,2020-05-31 00:00:00-04:00,10
pypl,2020-06-30 00:00:00-04:00,7
pypl,2020-07-31 00:00:00-04:00,8
pypl,2020-08-31 00:00:00-04:00,7
pypl,2020-09-30 00:00:00-04:00,9
pypl,2020-10-31 00:00:00-04:00,8
pypl,2020-11-30 00:00:00-05:00,12
pypl,2020-12-31 00:00:00-05:00,7
pypl,2021-01-31 00:00:00-05:00,8
pypl,2021-02-28 00:00:00-05:00,12
pypl,2021-03-31 00:00:00-04:00,9
pypl,2021-04-30 00:00:00-04:00,6
pypl,2021-05-31 00:00:00-04:00,8
pypl,2021-06-30 00:00:00-04:00,6
pypl,2021-07-31 00:00:00-04:00,6
pypl,2021-08-31 00:00:00-04:00,6
pypl,2021-09-30 00:00:00-04:00,6
pypl,2021-10-31 00:00:00-04:00,12
pypl,2021-11-30 00:00:00-05:00,21
pypl,2021-12-31 00:00:00-05:00,13
pypl,2022-01-31 00:00:00-05:00,14
pypl,2022-02-28 00:00:00-05:00,35
pypl,2022-03-31 00:00:00-04:00,19
pypl,2022-04-30 00:00:00-04:00,19
pypl,2022-05-31 00:00:00-04:00,18
pypl,2022-06-30 00:00:00-04:00,15
pypl,2022-07-31 00:00:00-04:00,13
pypl,2022-08-31 00:00:00-04:00,15
pypl,2022-09-30 00:00:00-04:00,13
pypl,2022-10-31 00:00:00-04:00,13
pypl,2022-11-30 00:00:00-05:00,16
pypl,2022-12-31 00:00:00-05:00,15
pypl,2023-01-31 00:00:00-05:00,13
pypl,2023-02-28 00:00:00-05:00,15
pypl,2023-03-31 00:00:00-04:00,12
pypl,2023-04-30 00:00:00-04:00,10
pypl,2023-05-31 00:00:00-04:00,22
pypl,2023-06-30 00:00:00-04:00,16
shop,2018-06-30 00:00:00-04:00,16
shop,2018-07-31 00:00:00-04:00,15
shop,2018-08-31 00:00:00-04:00,13
shop,2018-09-30 00:00:00-04:00,14
shop,2018-10-31 00:00:00-04:00,21
shop,2018-11-30 00:00:00-05:00,14
shop,2018-12-31 00:00:00-05:00,22
shop,2019-01-31 00:00:00-05:00,12
shop,2019-02-28 00:00:00-05:00,16
shop,2019-03-31 00:00:00-04:00,13
shop,2019-04-30 00:00:00-04:00,19
shop,2019-05-31 00:00:00-04:00,20
shop,2019-06-30 00:00:00-04:00,20
shop,2019-07-31 00:00:00-04:00,17
shop,2019-08-31 00:00:00-04:00,22
shop,2019-09-30 00:00:00-04:00,31
shop,2019-10-31 00:00:00-04:00,24
shop,2019-11-30 00:00:00-05:00,18
shop,2019-12-31 00:00:00-05:00,25
shop,2020-01-31 00:00:00-05:00,18
shop,2020-02-29 00:00:00-05:00,29
shop,2020-03-31 00:00:00-04:00,32
shop,2020-04-30 00:00:00-04:00,41
shop,2020-05-31 00:00:00-04:00,42
shop,2020-06-30 00:00:00-04:00,25
shop,2020-07-31 00:00:00-04:00,30
shop,2020-08-31 00:00:00-04:00,17
shop,2020-09-30 00:00:00-04:00,23
shop,2020-10-31 00:00:00-04:00,14
shop,2020-11-30 00:00:00-05:00,16
shop,2020-12-31 00:00:00-05:00,14
shop,2021-01-31 00:00:00-05:00,11
shop,2021-02-28 00:00:00-05:00,16
shop,2021-03-31 00:00:00-04:00,15
shop,2021-04-30 00:00:00-04:00,12
shop,2021-05-31 00:00:00-04:00,15
shop,2021-06-30 00:00:00-04:00,14
shop,2021-07-31 00:00:00-04:00,14
shop,2021-08-31 00:00:00-04:00,9
shop,2021-09-30 00:00:00-04:00,8
shop,2021-10-31 00:00:00-04:00,10
shop,2021-11-30 00:00:00-05:00,11
shop,2021-12-31 00:00:00-05:00,10
shop,2022-01-31 00:00:00-05:00,26
shop,2022-02-28 00:00:00-05:00,29
shop,2022-03-31 00:00:00-04:00,31
shop,2022-04-30 00:00:00-04:00,35
shop,2022-05-31 00:00:00-04:00,56
shop,2022-06-30 00:00:00-04:00,40
shop,2022-07-31 00:00:00-04:00,32
shop,2022-08-31 00:00:00-04:00,30
shop,2022-09-30 00:00:00-04:00,28
shop,2022-10-31 00:00:00-04:00,32
shop,2022-11-30 00:00:00-05:00,24
shop,2022-12-31 00:00:00-05:00,19
shop,2023-01-31 00:00:00-05:00,22
shop,2023-02-28 00:00:00-05:00,23
shop,2023-03-31 00:00:00-04:00,15
shop,2023-04-30 00:00:00-04:00,12
shop,2023-05-31 00:00:00-04:00,20
shop,2023-06-30 00:00:00-04:00,17
snow,2020-09-30 00:00:00-04:00,8
snow,2020-10-31 00:00:00-04:00,3
snow,2020-11-30 00:00:00-05:00,2
snow,2020-12-31 00:00:00-05:00,7
snow,2021-01-31 00:00:00-05:00,4
snow,2021-02-28 00:00:00-05:00,3
snow,2021-03-31 00:00:00-04:00,6
snow,2021-04-30 00:00:00-04:00,2
snow,2021-05-31 00:00:00-04:00,5
snow,2021-06-30 00:00:00-04:00,4
snow,2021-07-31 00:00:00-04:00,3
snow,2021-08-31 00:00:00-04:00,5
snow,2021-09-30 00:00:00-04:00,4
snow,2021-10-31 00:00:00-04:00,2
snow,2021-11-30 00:00:00-05:00,3
snow,2021-12-31 00:00:00-05:00,4
snow,2022-01-31 00:00:00-05:00,4
snow,2022-02-28 00:00:00-05:00,4
snow,2022-03-31 00:00:00-04:00,8
snow,2022-04-30 00:00:00-04:00,5
snow,2022-05-31 00:00:00-04:00,10
snow,2022-06-30 00:00:00-04:00,8
snow,2022-07-31 00:00:00-04:00,6
snow,2022-08-31 00:00:00-04:00,8
snow,2022-09-30 00:00:00-04:00,7
snow,2022-10-31 00:00:00-04:00,6
snow,2022-11-30 00:00:00-05:00,6
snow,2022-12-31 00:00:00-05:00,6
snow,2023-01-31 00:00:00-05:00,6
snow,2023-02-28 00:00:00-05:00,5
snow,2023-03-31 00:00:00-04:00,6
snow,2023-04-30 00:00:00-04:00,5
snow,2023-05-31 00:00:00-04:00,7
snow,2023-06-30 00:00:00-04:00,6
t,2018-06-30 00:00:00-04:00,84
t,2018-07-31 00:00:00-04:00,60
t,2018-08-31 00:00:00-04:00,33
t,2018-09-30 00:00:00-04:00,46
t,2018-10-31 00:00:00-04:00,57
t,2018-11-30 00:00:00-05:00,44
t,2018-12-31 00:00:00-05:00,67
t,2019-01-31 00:00:00-05:00,49
t,2019-02-28 00:00:00-05:00,39
t,2019-03-31 00:00:00-04:00,39
t,2019-04-30 00:00:00-04:00,42
t,2019-05-31 00:00:00-04:00,37
t,2019-06-30 00:00:00-04:00,34
t,2019-07-31 00:00:00-04:00,41
t,2019-08-31 00:00:00-04:00,38
t,2019-09-30 00:00:00-04:00,51
t,2019-10-31 00:00:00-04:00,37
t,2019-11-30 00:00:00-05:00,40
t,2019-12-31 00:00:00-05:00,32
t,2020-01-31 00:00:00-05:00,47
t,2020-02-29 00:00:00-05:00,49
t,2020-03-31 00:00:00-04:00,86
t,2020-04-30 00:00:00-04:00,53
t,2020-05-31 00:00:00-04:00,48
t,2020-06-30 00:00:00-04:00,53
t,2020-07-31 00:00:00-04:00,46
t,2020-08-31 00:00:00-04:00,36
t,2020-09-30 00:00:00-04:00,48
t,2020-10-31 00:00:00-04:00,57
t,2020-11-30 00:00:00-05:00,49
t,2020-12-31 00:00:00-05:00,58
t,2021-01-31 00:00:00-05:00,64
t,2021-02-28 00:00:00-05:00,53
t,2021-03-31 00:00:00-04:00,61
t,2021-04-30 00:00:00-04:00,50
t,2021-05-31 00:00:00-04:00,83
t,2021-06-30 00:00:00-04:00,47
t,2021-07-31 00:00:00-04:00,45
t,2021-08-31 00:00:00-04:00,36
t,2021-09-30 00:00:00-04:00,47
t,2021-10-31 00:00:00-04:00,64
t,2021-11-30 00:00:00-05:00,61
t,2021-12-31 00:00:00-05:00,83
t,2022-01-31 00:00:00-05:00,91
t,2022-02-28 00:00:00-05:00,68
t,2022-03-31 00:00:00-04:00,53
t,2022-04-30 00:00:00-04:00,67
t,2022-05-31 00:00:00-04:00,48
t,2022-06-30 00:00:00-04:00,40
t,2022-07-31 00:00:00-04:00,37
t,2022-08-31 00:00:00-04:00,33
t,2022-09-30 00:00:00-04:00,46
t,2022-10-31 00:00:00-04:00,57
t,2022-11-30 00:00:00-05:00,38
t,2022-12-31 00:00:00-05:00,39
t,2023-01-31 00:00:00-05:00,39
t,2023-02-28 00:00:00-05:00,30
t,2023-03-31 00:00:00-04:00,29
t,2023-04-30 00:00:00-04:00,41
t,2023-05-31 00:00:00-04:00,39
t,2023-06-30 00:00:00-04:00,42
tmus,2018-06-30 00:00:00-04:00,4
tmus,2018-07-31 00:00:00-04:00,2
tmus,2018-08-31 00:00:00-04:00,3
tmus,2018-09-30 00:00:00-04:00,3
tmus,2018-10-31 00:00:00-04:00,4
tmus,2018-11-30 00:00:00-05:00,3
tmus,2018-12-31 00:00:00-05:00,4
tmus,2019-01-31 00:00:00-05:00,4
tmus,2019-02-28 00:00:00-05:00,4
tmus,2019-03-31 00:00:00-04:00,3
tmus,2019-04-30 00:00:00-04:00,3
tmus,2019-05-31 00:00:00-04:00,4
tmus,2019-06-30 00:00:00-04:00,3
tmus,2019-07-31 00:00:00-04:00,8
tmus,2019-08-31 00:00:00-04:00,3
tmus,2019-09-30 00:00:00-04:00,3
tmus,2019-10-31 00:00:00-04:00,3
tmus,2019-11-30 00:00:00-05:00,3
tmus,2019-12-31 00:00:00-05:00,3
tmus,2020-01-31 00:00:00-05:00,3
tmus,2020-02-29 00:00:00-05:00,7
tmus,2020-03-31 00:00:00-04:00,7
tmus,2020-04-30 00:00:00-04:00,6
tmus,2020-05-31 00:00:00-04:00,6
tmus,2020-06-30 00:00:00-04:00,12
tmus,2020-07-31 00:00:00-04:00,5
tmus,2020-08-31 00:00:00-04:00,4
tmus,2020-09-30 00:00:00-04:00,5
tmus,2020-10-31 00:00:00-04:00,4
tmus,2020-11-30 00:00:00-05:00,4
tmus,2020-12-31 00:00:00-05:00,3
tmus,2021-01-31 00:00:00-05:00,4
tmus,2021-02-28 00:00:00-05:00,5
tmus,2021-03-31 00:00:00-04:00,5
tmus,2021-04-30 00:00:00-04:00,3
tmus,2021-05-31 00:00:00-04:00,6
tmus,2021-06-30 00:00:00-04:00,4
tmus,2021-07-31 00:00:00-04:00,4
tmus,2021-08-31 00:00:00-04:00,4
tmus,2021-09-30 00:00:00-04:00,6
tmus,2021-10-31 00:00:00-04:00,5
tmus,2021-11-30 00:00:00-05:00,5
tmus,2021-12-31 00:00:00-05:00,5
tmus,2022-01-31 00:00:00-05:00,6
tmus,2022-02-28 00:00:00-05:00,6
tmus,2022-03-31 00:00:00-04:00,5
tmus,2022-04-30 00:00:00-04:00,5
tmus,2022-05-31 00:00:00-04:00,5
tmus,2022-06-30 00:00:00-04:00,5
tmus,2022-07-31 00:00:00-04:00,5
tmus,2022-08-31 00:00:00-04:00,3
tmus,2022-09-30 00:00:00-04:00,5
tmus,2022-10-31 00:00:00-04:00,6
tmus,2022-11-30 00:00:00-05:00,5
tmus,2022-12-31 00:00:00-05:00,5
tmus,2023-01-31 00:00:00-05:00,5
tmus,2023-02-28 00:00:00-05:00,5
tmus,2023-03-31 00:00:00-04:00,5
tmus,2023-04-30 00:00:00-04:00,5
tmus,2023-05-31 00:00:00-04:00,6
tmus,2023-06-30 00:00:00-04:00,11
tsla,2018-06-30 00:00:00-04:00,139
tsla,2018-07-31 00:00:00-04:00,123
tsla,2018-08-31 00:00:00-04:00,181
tsla,2018-09-30 00:00:00-04:00,155
tsla,2018-10-31 00:00:00-04:00,187
tsla,2018-11-30 00:00:00-05:00,95
tsla,2018-12-31 00:00:00-05:00,116
tsla,2019-01-31 00:00:00-05:00,125
tsla,2019-02-28 00:00:00-05:00,101
tsla,2019-03-31 00:00:00-04:00,153
tsla,2019-04-30 00:00:00-04:00,165
tsla,2019-05-31 00:00:00-04:00,193
tsla,2019-06-30 00:00:00-04:00,161
tsla,2019-07-31 00:00:00-04:00,136
tsla,2019-08-31 00:00:00-04:00,91
tsla,2019-09-30 00:00:00-04:00,102
tsla,2019-10-31 00:00:00-04:00,149
tsla,2019-11-30 00:00:00-05:00,118
tsla,2019-12-31 00:00:00-05:00,148
tsla,2020-01-31 00:00:00-05:00,291
tsla,2020-02-29 00:00:00-05:00,373
tsla,2020-03-31 00:00:00-04:00,287
tsla,2020-04-30 00:00:00-04:00,272
tsla,2020-05-31 00:00:00-04:00,205
tsla,2020-06-30 00:00:00-04:00,174
tsla,2020-07-31 00:00:00-04:00,258
tsla,2020-08-31 00:00:00-04:00,222
tsla,2020-09-30 00:00:00-04:00,248
tsla,2020-10-31 00:00:00-04:00,114
tsla,2020-11-30 00:00:00-05:00,117
tsla,2020-12-31 00:00:00-05:00,163
tsla,2021-01-31 00:00:00-05:00,111
tsla,2021-02-28 00:00:00-05:00,83
tsla,2021-03-31 00:00:00-04:00,123
tsla,2021-04-30 00:00:00-04:00,97
tsla,2021-05-31 00:00:00-04:00,94
tsla,2021-06-30 00:00:00-04:00,71
tsla,2021-07-31 00:00:00-04:00,64
tsla,2021-08-31 00:00:00-04:00,52
tsla,2021-09-30 00:00:00-04:00,56
tsla,2021-10-31 00:00:00-04:00,76
tsla,2021-11-30 00:00:00-05:00,93
tsla,2021-12-31 00:00:00-05:00,70
tsla,2022-01-31 00:00:00-05:00,96
tsla,2022-02-28 00:00:00-05:00,73
tsla,2022-03-31 00:00:00-04:00,75
tsla,2022-04-30 00:00:00-04:00,76
tsla,2022-05-31 00:00:00-04:00,93
tsla,2022-06-30 00:00:00-04:00,96
tsla,2022-07-31 00:00:00-04:00,87
tsla,2022-08-31 00:00:00-04:00,74
tsla,2022-09-30 00:00:00-04:00,62
tsla,2022-10-31 00:00:00-04:00,83
tsla,2022-11-30 00:00:00-05:00,90
tsla,2022-12-31 00:00:00-05:00,140
tsla,2023-01-31 00:00:00-05:00,195
tsla,2023-02-28 00:00:00-05:00,191
tsla,2023-03-31 00:00:00-04:00,144
tsla,2023-04-30 00:00:00-04:00,132
tsla,2023-05-31 00:00:00-04:00,122
tsla,2023-06-30 00:00:00-04:00,163
tsm,2018-06-30 00:00:00-04:00,9
tsm,2018-07-31 00:00:00-04:00,8
tsm,2018-08-31 00:00:00-04:00,6
tsm,2018-09-30 00:00:00-04:00,8
tsm,2018-10-31 00:00:00-04:00,9
tsm,2018-11-30 00:00:00-05:00,10
tsm,2018-12-31 00:00:00-05:00,10
tsm,2019-01-31 00:00:00-05:00,11
tsm,2019-02-28 00:00:00-05:00,7
tsm,2019-03-31 00:00:00-04:00,6
tsm,2019-04-30 00:00:00-04:00,9
tsm,2019-05-31 00:00:00-04:00,10
tsm,2019-06-30 00:00:00-04:00,8
tsm,2019-07-31 00:00:00-04:00,7
tsm,2019-08-31 00:00:00-04:00,6
tsm,2019-09-30 00:00:00-04:00,6
tsm,2019-10-31 00:00:00-04:00,8
tsm,2019-11-30 00:00:00-05:00,5
tsm,2019-12-31 00:00:00-05:00,6
tsm,2020-01-31 00:00:00-05:00,9
tsm,2020-02-29 00:00:00-05:00,9
tsm,2020-03-31 00:00:00-04:00,13
tsm,2020-04-30 00:00:00-04:00,9
tsm,2020-05-31 00:00:00-04:00,10
tsm,2020-06-30 00:00:00-04:00,8
tsm,2020-07-31 00:00:00-04:00,16
tsm,2020-08-31 00:00:00-04:00,8
tsm,2020-09-30 00:00:00-04:00,10
tsm,2020-10-31 00:00:00-04:00,8
tsm,2020-11-30 00:00:00-05:00,8
tsm,2020-12-31 00:00:00-05:00,7
tsm,2021-01-31 00:00:00-05:00,17
tsm,2021-02-28 00:00:00-05:00,11
tsm,2021-03-31 00:00:00-04:00,13
tsm,2021-04-30 00:00:00-04:00,10
tsm,2021-05-31 00:00:00-04:00,8
tsm,2021-06-30 00:00:00-04:00,8
tsm,2021-07-31 00:00:00-04:00,9
tsm,2021-08-31 00:00:00-04:00,8
tsm,2021-09-30 00:00:00-04:00,7
tsm,2021-10-31 00:00:00-04:00,7
tsm,2021-11-30 00:00:00-05:00,9
tsm,2021-12-31 00:00:00-05:00,7
tsm,2022-01-31 00:00:00-05:00,18
tsm,2022-02-28 00:00:00-05:00,11
tsm,2022-03-31 00:00:00-04:00,15
tsm,2022-04-30 00:00:00-04:00,13
tsm,2022-05-31 00:00:00-04:00,9
tsm,2022-06-30 00:00:00-04:00,9
tsm,2022-07-31 00:00:00-04:00,12
tsm,2022-08-31 00:00:00-04:00,12
tsm,2022-09-30 00:00:00-04:00,11
tsm,2022-10-31 00:00:00-04:00,16
tsm,2022-11-30 00:00:00-05:00,17
tsm,2022-12-31 00:00:00-05:00,12
tsm,2023-01-31 00:00:00-05:00,16
tsm,2023-02-28 00:00:00-05:00,14
tsm,2023-03-31 00:00:00-04:00,10
tsm,2023-04-30 00:00:00-04:00,10
tsm,2023-05-31 00:00:00-04:00,13
tsm,2023-06-30 00:00:00-04:00,14
uber,2019-05-31 00:00:00-04:00,37
uber,2019-06-30 00:00:00-04:00,12
uber,2019-07-31 00:00:00-04:00,7
uber,2019-08-31 00:00:00-04:00,13
uber,2019-09-30 00:00:00-04:00,9
uber,2019-10-31 00:00:00-04:00,9
uber,2019-11-30 00:00:00-05:00,41
uber,2019-12-31 00:00:00-05:00,29
uber,2020-01-31 00:00:00-05:00,25
uber,2020-02-29 00:00:00-05:00,41
uber,2020-03-31 00:00:00-04:00,50
uber,2020-04-30 00:00:00-04:00,30
uber,2020-05-31 00:00:00-04:00,37
uber,2020-06-30 00:00:00-04:00,25
uber,2020-07-31 00:00:00-04:00,18
uber,2020-08-31 00:00:00-04:00,23
uber,2020-09-30 00:00:00-04:00,24
uber,2020-10-31 00:00:00-04:00,16
uber,2020-11-30 00:00:00-05:00,27
uber,2020-12-31 00:00:00-05:00,19
uber,2021-01-31 00:00:00-05:00,25
uber,2021-02-28 00:00:00-05:00,22
uber,2021-03-31 00:00:00-04:00,18
uber,2021-04-30 00:00:00-04:00,17
uber,2021-05-31 00:00:00-04:00,28
uber,2021-06-30 00:00:00-04:00,18
uber,2021-07-31 00:00:00-04:00,18
uber,2021-08-31 00:00:00-04:00,26
uber,2021-09-30 00:00:00-04:00,30
uber,2021-10-31 00:00:00-04:00,19
uber,2021-11-30 00:00:00-05:00,30
uber,2021-12-31 00:00:00-05:00,31
uber,2022-01-31 00:00:00-05:00,29
uber,2022-02-28 00:00:00-05:00,39
uber,2022-03-31 00:00:00-04:00,34
uber,2022-04-30 00:00:00-04:00,25
uber,2022-05-31 00:00:00-04:00,46
uber,2022-06-30 00:00:00-04:00,33
uber,2022-07-31 00:00:00-04:00,23
uber,2022-08-31 00:00:00-04:00,31
uber,2022-09-30 00:00:00-04:00,27
uber,2022-10-31 00:00:00-04:00,26
uber,2022-11-30 00:00:00-05:00,26
uber,2022-12-31 00:00:00-05:00,20
uber,2023-01-31 00:00:00-05:00,18
uber,2023-02-28 00:00:00-05:00,35
uber,2023-03-31 00:00:00-04:00,21
uber,2023-04-30 00:00:00-04:00,19
uber,2023-05-31 00:00:00-04:00,30
uber,2023-06-30 00:00:00-04:00,19
wday,2018-06-30 00:00:00-04:00,2
wday,2018-07-31 00:00:00-04:00,2
wday,2018-08-31 00:00:00-04:00,2
wday,2018-09-30 00:00:00-04:00,2
wday,2018-10-31 00:00:00-04:00,2
wday,2018-11-30 00:00:00-05:00,2
wday,2018-12-31 00:00:00-05:00,3
wday,2019-01-31 00:00:00-05:00,2
wday,2019-02-28 00:00:00-05:00,2
wday,2019-03-31 00:00:00-04:00,2
wday,2019-04-30 00:00:00-04:00,2
wday,2019-05-31 00:00:00-04:00,2
wday,2019-06-30 00:00:00-04:00,2
wday,2019-07-31 00:00:00-04:00,1
wday,2019-08-31 00:00:00-04:00,2
wday,2019-09-30 00:00:00-04:00,2
wday,2019-10-31 00:00:00-04:00,2
wday,2019-11-30 00:00:00-05:00,2
wday,2019-12-31 00:00:00-05:00,2
wday,2020-01-31 00:00:00-05:00,2
wday,2020-02-29 00:00:00-05:00,2
wday,2020-03-31 00:00:00-04:00,3
wday,2020-04-30 00:00:00-04:00,3
wday,2020-05-31 00:00:00-04:00,3
wday,2020-06-30 00:00:00-04:00,2
wday,2020-07-31 00:00:00-04:00,2
wday,2020-08-31 00:00:00-04:00,2
wday,2020-09-30 00:00:00-04:00,2
wday,2020-10-31 00:00:00-04:00,2
wday,2020-11-30 00:00:00-05:00,3
wday,2020-12-31 00:00:00-05:00,2
wday,2021-01-31 00:00:00-05:00,2
wday,2021-02-28 00:00:00-05:00,2
wday,2021-03-31 00:00:00-04:00,2
wday,2021-04-30 00:00:00-04:00,1
wday,2021-05-31 00:00:00-04:00,2
wday,2021-06-30 00:00:00-04:00,1
wday,2021-07-31 00:00:00-04:00,2
wday,2021-08-31 00:00:00-04:00,2
wday,2021-09-30 00:00:00-04:00,1
wday,2021-10-31 00:00:00-04:00,1
wday,2021-11-30 00:00:00-05:00,2
wday,2021-12-31 00:00:00-05:00,1
wday,2022-01-31 00:00:00-05:00,3
wday,2022-02-28 00:00:00-05:00,2
wday,2022-03-31 00:00:00-04:00,3
wday,2022-04-30 00:00:00-04:00,2
wday,2022-05-31 00:00:00-04:00,4
wday,2022-06-30 00:00:00-04:00,4
wday,2022-07-31 00:00:00-04:00,2
wday,2022-08-31 00:00:00-04:00,3
wday,2022-09-30 00:00:00-04:00,3
wday,2022-10-31 00:00:00-04:00,2
wday,2022-11-30 00:00:00-05:00,3
wday,2022-12-31 00:00:00-05:00,2
wday,2023-01-31 00:00:00-05:00,2
wday,2023-02-28 00:00:00-05:00,2
wday,2023-03-31 00:00:00-04:00,2
wday,2023-04-30 00:00:00-04:00,2
wday,2023-05-31 00:00:00-04:00,2
wday,2023-06-30 00:00:00-04:00,2
